review,rating
ads slop HOLY,1
"Where are the NEW LEVELS? Orig Review: So v.many ads. (Once again-- there's really no value for those of us that don't have a Facebook account or use Android/Google Play instead of Apple accounts, since it renders the MyVIP rewards virtually useless and unable to be claimed. Wish they translated to something I could actually use.)",1
"so far from what I have been able to play of this game is that it's a good version of Tetris, especially considering you can play it on your phone.",5
Update** They now took away reward system and coins. i had over 1million coins which i have been waiting to use to get money off on a cruise which with 1million could be upwards of $1000 off and now I have nothing. A year of saving up for nothing. complete BS. terrible app. loved this app before all the recent changes. now its way harder to get coins to get rewards. and the rewards need certain levels now which are also almost unattainable for a casual player that doesnt play all day every day,1
Forced Add after every single level. Annoying,1
"The Tetris implementation is a reasonable ""Guideline"" Tetris, other than the elimination of the Hold mechanic. The levels have modest creativity, and it understands what it wants to be - a basic mobile Tetris. Unfortunately, it is dragged down by one of the more annoying frequencies of ads by the already oft-ad-happy PLAYSTUDIOS, though that is counterbalanced a little by at least charging a fair rate for skipping the forced ads. No myVIP anymore either. Overall, it's acceptable, not great.",3
"For a game as successful as Tetris, I didn't think restarting the app would lose my hour of ad-free playtime. I really thought it'd be able to track something like that. I was looking forward to it for a couple days lol and I just lost the whole hour. I am so disappointed that I don't even want to bother with this app anymore lol",1
"Decent, has tetris, adds in levels and other events along with classic mode. Unfortunately will autoplay full screen ads from normal playing. Also seems to be a decent drain on battery/processing.",2
very buggy and straight up crashed on the second level,1
"Played the game for like...5 mins. The over the top animations really irritated me and I hated the controls. I don't need anything flashy, I just want to play classic Tetris. Is that too much to ask?",1
IT WONT OPEN ON MY S25,1
"sad that Tetris ""needs"" ads",2
"GENUINELY ANNOYING TO PLAY 90% of the time there's a pop-up for the other tetris game, that i can't close because ot doesn't fit my phones screen size, the other 10% is the most Boring, annoying, and absolute bs gameplay I've EVER SEEN the worst part? even though its a tetris game, you can't connect a controller or keyboard to play it. I'd have more fun in tetr.io, and I haaaaaaaaate that fangame for its sweaty players",1
unplayable i can't even get past the log in screen I've deleted and redownload the game and still the same problem,1
"why can't it just be like the old Tetris, I don't want little 30 second levels that end quickly, nobody wants that",1
Ok but too many ads and trying to get you to spend money.,2
IRRITATTING!!! The sound plays even with the setting is off!! ALWAYS happens when connecting earphones or Bluetooth devices. FIX IT!!,2
"I really don't want to sign in using facebook. The way it gives just one ""level"" at a time had me uninstall after two levels. All I want is to start blank and go from there uninterrupted. This isn't what I'm looking for.",2
There are way too many temu adds that go way too long. Waste of an install. came back to try again and are adds are even worse. Game basically non functional due to adds that have no exit no matter how long you wait.,1
The ads are obnoxious and sometimes interupt the game itself,3
pathetic.... just after installing the game says to reset to restart....not even opened for once,1
it's not working at all with me l deleted it and downloaded again still not working,1
dumb version of Tetris,1
"offline mode is not really offline mode. it show an error message that it failed to connect even though it is supposed to be offline mode. for it to work you have to first open the app while connected and then close it and disconnect, and then it will work offline for sometime.",1
"Its Tetris, so its fun of course, but this ad riddled nightmare that is mobile games gets tiring. Ads are constant, and some are malicious so be careful! Just finished playing a game and a fake Android alert blasted onto my screen saying my phone was ""infected"". Obviously scam/malware ads, and you guys should not be allowing this on a game so well known. Absolutely atrocious.",2
"the ads aren't loading which sounds like a blessing, except it prevents me from moving forward which forces me to close the app, go back in, and then it will skip to the next level without updating my points.",1
yep peak,5
why tf do I need interested to play Tetris,1
great game,5
Slowest game ever. I never even got to play as it was loading forever,1
"Classic Tetris, beautiful graphics, but sometimes prone to crashing and closing randomly. Still lots of fun when it works, though!",4
"yeah, its tetris alright !",5
lots of commercials,4
"amazing game but tooo many adds, is insane",2
constantly trying to make you download other games every time you beat a level,1
this app seems to have eventually found saturation point for ads 😢. it barely ever works at all. highly recommend you don't waste your time on this wall to wall ads and waiting for ads,1
so nice game 👍🤩😍,5
ads pop up on bottom of screen and mess up swiping constantly,2
Too many ads. Bummer. Shouldn't have to buy. The original didn't have ads. neither should you.,1
love it,5
the controls are bad,3
Too many ADs. Fake virus scans. Uninstalled.,1
Ads in this game linked directly to a scam phishing website,1
when will corporations stop ruining tetris,1
How to play?,1
Internet connection is required to play tetris,1
i would love it if there was the arrow keys swiping is hard to navigate and sometimes drop the blocks when i just want to speed it up down,5
"fun to play, but way too many ads",2
"the fricken adds are horrible, you spend more time trying to get through them than actually playing the game",2
"So, a 40 year old game that still holds up =fantastic. However, lately there's an ad not just for every time you fail a level BUT, an ad for every time you complete a level in-between(NOT every 3rd level), or even when you quit to return to the home screen. The game rewards you and punishes you with ADS. I can't help but wonder what the 'communist' who created it would think of your GREED. Folks can only take so many ads before they stop playing altogether. Think on your sin.",2
best game app I've played,5
Permanent ADS ON THE BOTTOM as soon as i see someting like that its a 0/10,1
just installed. it keeps on crashing,1
fun honing of spatial awareness,4
"no offline mode, can't even start the app without internet. thought I'd be able to play Tetris on my flight but noooope. otherwise it's Tetris.",1
no offline mode,1
"It says offline, but I never got to play it even with good internet after multiple tries.",1
nice,3
"imagine winning a game and rhey reward you with ads, every single game! this is acceptable if you lose, but not after winning, this is so stupid",1
The game is great but everytime I play at some point it will kick me off the game and open an internet tab stating YOUR DEVICE HAS A VIRUS My device does not have a virus and no other app or game I have does this Sketchy as anything and puts me off playing. Have deleted the app.,1
your game wont start when i click play as guest or login it the options disappear and stuck in tetris screen game wont start,1
crazy amount of ads. can pay to remove but only for 30 days before you have to pay again. Would have gladly paid $10 or $20 for permanent ad removal. Instead it got uninstalled.,1
99% ads 1% gameplay,1
"slow, adverts, pointless dribble.",1
plays bad. no space invaders. loading screens are too long for a game this simple.,1
for Tetris lovers this is a downgrade as it no longer supports multiplayer and requires playing through endless very easy levels,1
"What happened to your rewards program?! I used to have 400,000 points and now they've disappeared 😭",3
"We need a rotation button, I miss a lot of easy drops at high levels because I can't rotate and move the piece simultaneously, I am a very big fan of the game but the controls here are impractical",2
Way too many ads. You have ruined the good name of Tetris. Levels are too quick to be hit with an ad that can't be exited. The Space Invaders isn't even party of it at all. Haven't seen it. Bad advertising for this game. very disappointing to download and not get what is being advertised.,1
The ads are annoying,2
it's Tetris... having to pay monthly for no ads is a pain though... and a battle pass? cmon. three stars.,3
"It keeps crashing. Tried deleting and re-downloading the app. Didn't make a difference. It does occasionally work, but will crash when trying to load the ad banner at the bottom of the screen.",2
You got rid of the my rewards system. What a garbage decision.,1
please add touchscreen controller and customize layout button.,5
"really really fun but it's not easy, enjoy!!",5
It's a very addictive game and challenging,5
"the ads are bad most of them are coded poorly and wont even go through. have to close the app in order to play the next level or restart every single time. if it didn't choose to play an ad every time I restart the level maybe it wouldn't be an issue. constantly having to close the app over ads does get old, and a lot of times it doesn't tell you if its going to play an ad for whatever button you push",1
Unplayable due to long interactive ads. I'm not paying a monthly fee just to remove them. Scummy.,1
"On Tetris Space invaders edition, season level, number 6 is extremely frustrating. It tells you to clear 6 Space invaders, and yet, there are only 5 on screen. There's never a 6th one and no matter what you do, you end up running out of lives and lose in the game. If this is how it's going to be, I would not recommend playing the season level.",1
can be glitchy when not in bad service area. lags very bad at times even when service is good,4
very slow app doesn't run well had to restart 4 times after download do not install it it's just a waste of time,1
great app,5
I LOVE TETRIS!!! {=,5
really disappointed because I downloaded this because of the tetris vs space Invaders matchup and it sucked. I thought it was going to be something cool like a nice mashup of both space Invaders and Tetris gameplay. but so far all it is is just Tetris blocks in the shape of space aliens that you have to get rid of by playing normal Tetris or space Invaders on the screen that you need to get rid of by clearing lines by playing normal Tetris. also it took about 30 minutes to see an invader.,1
this game was better before it was bought by Meta. I just want to play regular Tetris,3
Bring back button controls and the 3 minute games. also improve ur account systems I can't connect to my former accounts......... edit: It's been 3 years since you removed the on screen controls. I used to be top 10 in my country but man you messed up your perfect game. rip Tetris.,1
"Do not install this game, It will cost your data and always full of ads.",1
Excelente. Pero ¿por qué quitaron el modo offline? 🙁,5
"Why am i being forced to swipe? Asked the AI Support chat and they said the dev team disabled on screen controls?? For what reason? What an awful change. Loaded with Ads, now this? Get it together Tetris Co otherwise alternatives will keep blowing you out the water.",1
"Was over level 1200 and had over 100k in mgm account points and multiple contests entries. my account is now lvl 1. contact customer service. it's just a bot that redirects you to the mgm casino webpage about casino issues. been playing since at least 2017, maybe as far back as 2013.",1
"This game always exits by itself when I play, please solve this problem, I use a samsung phone with 4 gb ram... I play other games with big gb and don't experience this kind of thing.... I feel a little disappointed, and I hope you solve this problem in the future...🥹",3
keep getting stuck in ads I don't know how to get out of. makes the app unusable.,1
"ads pop up every second, and it force you to watch them",1
bad controls,1
The level up animation block the view in marathon,1
incredibly slow paced. it feels like ur fighting the game to play it at times.,3
"DONT WASTE YOUR TIME, I've had this game for YEARS playing it on and off because the amount of ads makes this game completely unplayable. I opened the app for the first time in over a year and was exited to see that it had updated but the second I pressed the button to start the current level I was greeted with an ad.. I hadn't even played the game yet...immediately uninstalled. The developers have had years to improve the game and hundreds of people giving feedback but they clearly don't care..",1
paying monthly for add? shamless money grab wud rate lower for this gross monetization of a classic game. EDIT: wow they deleted everything amd forced me to start over. such a bad decision.,1
"i really love tetris, but please bring back keypad controls, its much better to play it.",3
"Paid for ad free, and still seeing ads🤡",1
"I LOVED tetris. Then the update came out and I HATE EVERYTHING ABOUT IT, why change something that has been ICONIC for years !?!?! please bring back what it used to look like, sounds etcetera 2k vibes!! back then( a few months ago) I would've rate it a 5/5 now? 2 stars 🫠 its like shows now days adding extra color to be over stimulating ? its just ew.",2
good but would prefer an option to use buttons since this touchscreen method very inaccurate.,4
"I do enjoy the game. It does have a bunch of ads. It also relies on the internet, so playing while on a plane makes it impossible. Unfortunately will be uninstalling.",3
"youd be suprised how TETRIS, could be so agravating. im not talking about the gameplay, im talking about the bugs,and the ads. you get ads, IN THE MIDDLE OF PLAYING THE GAME, and it messes up your progress.The ads are also weird. im not talking ads for games, im talking about the weird ai ads, and sexual ads. it also randomly turns your volume up when an ad plays. im sitting in my room, playing tetris and i get an ad that turns my volume all the way up and says ""DO YOU WANT TO DATE AN AI FURRY """,1
Can't go past the blue screen.,1
to many ads .but great game needs improvement,2
too much ads,2
sign in? always online?? what is this Tetris or PUBG??,1
can't even get past the start screen,1
WARNING. Fake AP trying to steal Facebook login credentials. Real talk.,1
"It was okay. At about level 10, you have to keep buying extra rounds, no matter what. It took the fun away from the game. I don't recommend it.",1
Nope. The fact that a juggernaut like Tetris has ads here is trash. Annoying. Not going to pay each month for no ads. Thank goodness for roms and emulators.,1
you can't play without a data connection. I was on a plane and wanted to pass the time. what a horrible thing to implement. no google integration either. who has Facebook anymore? the elderly?,2
"Too many ads. why does it play sound in the beginning, even on silent?",2
"What excuse is there for tetris to be laggy in 2026. 2 minutes of unskipable ads before every game, a new banner ad flashing your screen every 30 seconds, unplayable offline, ugly and slow UI, ad free is of course a subscription, $60 a year to play a step up from pong. Anyone involved in this should really consider doing better things with the air they're breathing.",1
believe it or not... I don't want nonstop ads OR a subscription to ad free in a simple app. I don't know why I'd keep this.,1
"Homescreen comes up but doesn't run. Reinstalled, same result.",1
"a shame of game ...far from the original, full of ads. there were much better versions before on Playstore but were sadly removed. now what's left of Tetris is greed and stupid company policies.",1
Riddled with ads and misses everything fun about Tetris,1
I play every night and it scratches that Tetris itch I get now and then.,5
would much rather it was just classic old tetris rather than having all these silly pointless levels,1
Its the classic Tetris with a fresh new spin,4
Games would be great if it had less ads,4
"A classic, but too many adds",3
"cant even get into the game, it stuck with ""connection lost"" while my internet is doing fine.",1
"Look I get it. Mobile games need monetization, but at least make it SENSIBLE. half the times the free ads option whenever it redirects me to playstore, makes your stupid game restart and forget any progress or currency I'm supposed to earn through said ad. Just remove the ad option if you wanna force people to pay ffs",2
the amount of ads on this game is absolutely ridiculous. When you start playing there's none for like 5 levels and then the ads are after every single level after that. the 1 minute ads that you can't even skip are the most excruciating ones.,1
ads games Category.,1
Fun game! App works great!,5
too many ads...,2
toooooo many ads!!!,2
"does not work ,say restart all the time.",1
good,5
but hang problem and unexpected ad so I deleted this game sorry,4
It's just a way to pettle ad space and in-game currency.,1
glitchy as heck it's unplayable,1
Love it short and sweet,5
"Got in to play as guest ..... then nothing happen , then next try , need to reconnect network ... uninstal",2
To remove ads you have to pay $3 A MONTH. For tetris! Absolute rip off. You should actually be ashamed of yourselves frfr,1
"fix the bug where the ""connection lost: restart the game"" screen overrides the ""play offline"" screen",1
I finally found out what garbage means till I played this,1
"ads after every level like every other phone game today. absolute garbage to deal with ads more then playing the actual game. at what point did these game companies think this was ok. people need to stop paying these people money and playing these games under these atrocious conditions, then maybe they'll stop putting out content like this.",1
"Quick question. What are the coins even for?? As far as I know, there's no store to get new stuff for this game. the EA version was superior despite it not having Offline functions, this is the ONLY Tetris game now that has Offline. I remembered when this game was released, you had more themes, now you only have the one as far as I know.",1
Couldn't turn the falling pieces. Not much fun just moving them side to side. Not designed for touch screens? It's also lousy with ads.,1
My favourite part of this game is how I need to always have an internet connection to play Tetris,1
Love it,4
"First of all, the ads are unreal. Secondly, the controls are terrible. There should be an option for swipe controls or on-screen button controls to drop, slam, hold, and rotate pieces. It's pretty obvious whoever developed this game did it solely for the ad revenue. It's a shame to see the beloved Tetris name get watered down by corporate greed.",1
worst game it's don't have offline mode it is not even opening its just keeps downloading the ad s never a entertainment,1
nice game,4
"""New Goals soon"" for the last 19 days. when? 3/30/26",2
This is not tetris. This is made for young children who do not have any idea how tetris works.,1
too many ads,2
"I've always loved Tetris, Always. and then when rewards were given in real life for gameplay I was stoked and I was saving up and saving up for certain rewards and I really did good and Kinda forgot I was earning them as I was playing. well when I finally went to use them I was notified that they completely removed the feature and now I really really don't feel like playing Tetris unless it's on a Gameboy. Goodbye Tetris and thank you so much for the waste of something hopeful👍",1
"the closest thing to the og tetris, downside being, its infested with ingame ads",4
"Useless, i cant play as guest, i cant even login with facebook and i needed to spend 20 minutes just to create that dumb facebook account and I didnt even get reward for it, i cant even login in that app, I will still need to use even dumber app, block blast 😞 1 ⭐️ eddit: IT WORKS, the reason for that before eddit is that i have trash wi fi 5⭐️",5
Crazy to have themes displayed on the game product only for them not to be supported. There is also an annoying amount of ads.,2
"Game says it can be played ""Offline"". as soon as you go offline, it tells you to restart the game, basically meaning you CANT play it offline.",1
"This WAS the classic tetris we know and love...some silly person decided it was a good idea to change the graphics of the original tetris game. The whole point of copying a classic arcade game is that you COPY the classic arcade game. The new graphics have made it harder to see the blocks clearly, and have made the blocks solid and almost 3D which gives it a weird, blurred look. You can play the ""main game"" using original blocks, but the gameplay is based on moves not speed+lines made. Yuck.",1
the control is unoying maybe u can add some different control choice like the demo version,1
Cannot play without a facebook account. Guest mode doesn't work.,1
"You gave me an unskippable ad, so I deleted your game. Stop doing that",1
"It's not the original. It already has you set up with blocks, like you're joining mid game. Once you clear those, it starts over with another setup. I thought over the years they would go back to the original way of Tetris. I hate this one. Other than is using blocks, it's nothing like the original.",1
gamingn't,2
"the game feels souless, i hate the mascot of this game so much it can not be recorded, what is that ""currency"" for ? where is the one that allowed me to buy different soundtracks within the game and with a miltiplayer that didnt require me to put 500 hours ? this is the worst iteration of tetris i have ever seen",1
"great game, ads though",1
Not worth it. You collect coins to continue playing & eventually run out so you have to buy more. Lame.,1
"Non si avvia neanche. Premo per entrare come ospite e si blocca su una schermata senza niente, senza andare né avanti né indietro.",1
"Could be a better Tetris. It's annoying there isn't a 1 off payment to get rid of ads permanently. The touch controls are not as good as if you had virtual buttons. It's too easy to make mistakes with swiping. I keep getting coins, that are only used when you run out of moves. Using them would kill the fun of the game, so I'm never spending them. The Boss levels with a timer are easier than other levels because the amount of time given is way too long. Marathon mode is good.",3
"Game doesn't work, it keeps putting me on a black screen.",1
Over heating error at level 3. Hone was not hot.,1
"Recently, I found myself on a long flight without any entertainment. Then I gleefully remembered I had Tetris on my phone. But when I tried to open the app, it wouldn't even let me get to the main screen, let alone play any games. Obstructing the game to such a level for the sake of pumping it full of ads is just sad. I'd be willing to pay for it to get rid of the ads, and especially to play offline Tetris without interruptions. In this state though, the game is sadly unplayable.",1
The amount of ads now are outrageous and makes you not want to play.,1
very challenging game I love it.👍🏽👍🏽👍🏽,5
"Very predictable, boring and certain situations not solvable without ads or paying. Do NOT RECOMMEND.",1
"I've really tried to play this game but ads make it unbearable, such a shame for Tetris",1
"The best copy of this game I ever played was the Nintendo version in the mid to late 80s. This one is pretty good, but you have to be online, so I'm going to delete. This game doesn't need to be online only game.",3
it's not Tetris...,1
runs slow,1
be more fun if it was more like regular tetris and could play till you lose because you have no more moves,3
"1% Tetris 99% unbearable ads. They're all too long, too loud, weirdly pervy, or all of the above.",1
Unskippable ads uninstalled,1
installed and it would not even load. pity.,1
Acts more like a virus. ads pop up that absolutely will not let you get out of.,1
good,5
What happen to all of my myVIP rewards? Did it all just go to zero?,2
it's stupid,1
"there's an ""ad"" that will interrupt a level to tell you your system has a virus and you have seconds to act. I don't really think thats an ok ad to display",3
"worst game ever, tried playing as a guest is impossible, the game won't load no matter what... I'm on a pixel 9 pro which should be fine to play this game.",1
it's the best game ever for get focus And getting smarter i would recommend this app when i have kids,5
cant play offline,1
I just got a scam virus alert while playing Tetris. It doesn't seem to be any way to post the image here. does anyone know how to report this to the Google Play store itself.,1
temu adverts are deceptive and hard to close,4
"This version of Tetris is only good Offline. The ads are far too frequent and you cannot back out of them on some, I have to restart the app. Please address that and allow me to pay money to get rid of ads forever.",2
Game can't seem to deal with scores about 1 million very well on marathon mode... and doesn't always recognise taps and swipes so leaves blocks in awkward positionz,3
this isn't Tetris!,1
"lame and easy, designed for ads",1
Classic game versus imposters. Option for team play and challenges. Latest upgrade hides the total score so hopefully that will be fixed.,4
Removing myVIP Rewards makes this game worthless. Easy uninstall.,1
"long ads, cant play without service. Otherwise a good game",3
so fun!,5
"I like the app, wish the levels had a hold button & I could continue without going back to home screen each time",3
doesn't load,1
"possibly one of the worst versions of this game. Bombarded with ads. The fact that you can pay for ad removal for only 30 days is egregious. It recognises the loss of connection if you disable any network connection, halting the app from doing anything and every so often it lauches my internet app to a very obvious scam website. I kinda like the mission based levels and obviously it plays like tetris, so i guess its got that going for it... so safe to say i dont recommend this version",1
Can't play offline,3
"today, im finished the st patricks cravings even, but got nothing, no price at all, wth ?!",1
great game overall but it doesn't allow me to play offline like I have my internet off and suddenly I get a pop-up telling me I have no internet and told me to restart the game I clicked it but for some reason it didn't restart and stayed static for a few moments before eventually disappearing a few seconds later the pop-up telling me to restart the game because I have no internet appeared again and this goes on in a loop until I eventually closed the game nvm it's fixed however it happen,2
just saw something genuinely traumatizing about to play tetris,5
"Used to be good. Played on Galaxy S9 and ran great, very high fps. It had ads, but not too bad, and gameplay was great. Played every day, thousands of levels. Over that time, I saw things go downhill. Ads became so frequent that time spent watching was longer than time spent playing. Also got very slow, long load times, low fps, phone overheating. Got new phone, runs fast but overheats. Very poor optimization. Also, piece spawning is not true to original rules. IMHO, this is no longer Tetris 😔",1
paid for no ads and still get ads. whats more is even even when ad is over it doesn't go back to the game.,1
"Too many ads, some of which have installed themselves when I tried to close them. Update: ads are only getting longer and more intrusive.",3
"I uninstalled this game because I was uninterested in it. However, the game is fantastic and I think this game should receive all the stars from me!",5
"Too many ads, makes playing awful, I constantly have blocks not going where I placed them because what is supposed to be an offline game lags because they ham fist in a new add every approximately 5 seconds.",1
"I love Tetris because it helps with my PTSD, however lately, the leveling up system ruins the entire experience. After you win a game, you have to wait for the coins, the points, the leveling up, the card rewards, etc. before moving to the next game. It takes way too long. I genuinely do not care about leveling up or getting coins. I just need a simple version where I can play seamlessly. It's just way too much now. I'm now looking for off-brand alternatives without all this extra stuff.",1
not what i was hoping for a tetris game.,1
Not interested in this ....,1
"I was excited about playing a nostalgic classic game, however it won't load the game. I don't have a Facebook so chose to play as guest and it just sits there won't load the actual game. very disappointed 😔",1
"awesome game. Just have to sign out and back in for tedious, long, commercials.",4
idiots make it online,1
to many ad's,1
"- Too many advertisers that cheat the marketing protocol by extending their time with mini restarts, with some being 3 times longer than typical.!!!",1
"The ads are a significant prpblem: you have to exit and restart the Tetris in order to play another level. At first the ads were less intrusive, at least for me they were... but by level 15 (which you can achieve in less than 30 minutes even if you aren't great at Tetris) you literally get an add after every level. The gameplay itself is good, as good as it can get on a touchscreen, excellent even, but having to manually restart the app after every level is truly horrible. Sad but true.",3
"Ads are out of control, deleted bc it kept showing ads for games murdering animals with an axe. Absolutely disgusting and shocked there would be such violence advertise on a TETRIS game",1
I was playing and got a pop up from one of the ads of a phishing scam saying my device was infected and I need to click the link.,1
"I love tetris but this app has so much down time loading between games it's beyond a joke, then there's all the ads, especially the one claiming there's a virus on the phone, anyone not as knowledgeable may be fooled. got to level 41 before saying enough is enough with this app. Marathon was the most fun and like good old Tetris, but using a touchscreen is limiting for a game that gets fast and needs precision. Think I'll dig out my old gameboy.",3
this ain't Tetris,1
"It was going good, despite the apps, until some malware from your side popped up, telling me I had three viruses. I immediately exited the game, and deleted it. Never Again.",2
"terrible. tetris missed an opportunity here. instead, ads take over at every step, even during game play. the short game goals seem to be made for more ads. gross. barf",1
doesn't work,1
"lots of ads but it's a really good mobile Tetris game. if you're on Android, sometimes you can skip the ads by spamming the back button",4
"fun games, but sometimes the ads don't go away after playing or there's no option to click out of it so you have to close the app and open it again.",4
Update: Still fun but is now rampant with mandatory ads that take up more time than actually playing. I am likely to uninstall this game. Original: Fun throwback. not too many ads.,2
"adds, adds, adds, and more adds....",1
when this app first released it had dpad and button configuration besides just swipe controls... swipe controls suck and are not as responsive... totally made me stop playing. I placed 2nd place in my state re-downloaded the app and was devastated that dpad and button options was taken away.,1
"pretty good, until I attempted to play offline mode, I selected ""play offline"" and it was what I THOUGHT was gonna let me play offline but it asked me to restart to play online?! is this game supposed to be offline or online?! I can't tell anymore! it allows you to directly play offline but wants you online? I don't understand that logic. I seriously don't. why have an offline option if you can't play offline?! it seeks to understand me. seriously.",2
"The game is great. I personally love Tetris, and making a mobile game for free was an amazingly successful business idea. The only complaint I have is that there is some sort of bug between the music and the classic mode. For me, it's either I can play the game with no audio, or I can have audio but the game doesn't work. We all know that Tetrus music is the best, and I'd love to see this bug get fixed.",4
excellent!,5
"Evry update we always read ""we listen to the community"" its been 2 years since we are waiting for you to bring back the old buttons",2
too much ads,1
game is good but the problem is too many ads plus those or not 5 sec then skip ads those are 10 or sometimes a whole min ad without anything claiming like to get some reward we watch ads etc. then in marathon the level up gets fast and on 15 level i can't play properly. this game need to fix this bugs. then i will give 5 star,2
you lock my screen and force me to watch ads are you crazy?!,1
lies about being offline. the playstore list this as an offline game however you can't even launch it without an internet connection likely just to run the game with the bloated amount of ads it has. even when you do have a connection if it's not strong also forget about playing as you'll just be stuck loading the game just for it to say you have no connection again. if you are looking to simply play tetris on your phone offline this isn't it,1
"I do not like that they put pegging days/ holidays in the background, I do not celebrate those days and don't acknowledge them at all. app wasn't like this at first feel like they are trying to force those days on you, for this I am deleting the app.",1
this game isnt even tetris just some cheap knockoff,1
"not the tetris I grew up with ,but okay.",2
"Baad, too much ads, dont download it",1
The original Tetris was relaxing. This one is ad filled garbage,1
controls are bad. I would prefer to have the option for physical buttons not sliding on the screen. I don't see any option to change that in the settings. one star till that's fixed.,1
A friend and I both downloaded this app and tried to log in as guest (only alternative to Facebook). Both of us experienced the app then freezing. We cannot log in.,1
"I would like it a lot if I could play it offline overall it's fun, yet not that good when it comes to ads",3
too many adds,3
loss of point accumulation from this game with continued forced aggressive ads is all sorts of messed up Aggressive advertisements that contain poor tactics. Any interaction on the next or x button will cause the advertised application to pop up in Google Play store. Deceptive timers for advertisements. Can't recommend Tetris from this developer with those tactics implemented. You wouldn't have ever went live with these tactics if you cared about player experience.,1
why is it over a gigabyte when installed? is it all just ads?,1
"Why does this game needs internet when you put ""offline"" in the description ? >:[",1
"Good game play options and challenging levels. I played Tetris in the 80s, loved it then and can enjoy it again now.",4
too many adds.,3
"No Royale, no thanks.",1
"game is fun, but adverts actively pretend to be a virus. I really wish I could include a screenshot",2
doesn't even start. keep asking me to reconnect because the connection is lost even though my internet is excellent,1
great classic game!,5
Levels aren't getting harder. The game becomes boring after a while,3
Is this supposed to be a game? I just get a screen that says Tetris. Then it says it lost a connection. Connection to what?,1
"chews up a shocking amount of battery, will pull out of the game, midplay, to ad in-browser that claims your phone has a virus. really disappointing",2
Love this game until it went away.,5
way too many intrusive ads. unplayable because of them.,2
"keeps sending me to malware sites at random if your ads are all ""your phone is infected with 6 viruses"" scams then your app is a scam.",1
Exactly what it says it is. Tetris.,5
No one asked for your stupid levels and animations. I just want to play original tetris without all this extra nonsense.,1
love it!!,5
classic,4
I like the game.,5
"can you add an option to make the ui have a joystick to move (up is swipe down, down is hold down, left and right are moving) and buttons for left turing and right turning (like the arcade version) because I genuinely hate this UI but I love tetris",1
A real great mindset game,5
"Great game, fond childhood memories. Feint love, Corporate greed. Ad frenzy, Thirty days free. edit March 3rd 2026: Wooow!! Thank you, you loving and greedy people.",1
Matt wins always,5
"It's pretty typical of all free games available on Google Play. Occasionally challenging. Mostly ads. I give it a big, ""Meh.""",3
requires connectivity to play. this felt like a sad state of the game. I wish I still had access to the 10$ app I had purchased a decade ago,1
didn't like w my phone... I like old school w and actual controller,1
"do the tetris devs even care about players? touch and swipe controls are absolute garbage, bring back on-screen controls",1
"Game worked for a few week. However, recent app change - last few days has made the game regress to unusable - imho. My bonus points 33.5k just vanished. Had to uninstall this game.",3
it is Tetris .. maybe a few ads but otherwise ok,4
not sure if it's the game itself or something wrong with your add network but this app caused a virus on my phone.,1
"HIGH SCORE: 826,444",5
"I've loved Tetris since I was a little girl, I'm 43 and still love it",5
good solid game.,4
to many ads,3
bro I just installed it and it keeps saying to restart the app to connect. FIX THIS BUG TETRIS DEVS,3
too many ads,4
"Ads, ads and more ads. You'll spend more time on ads than the game.",1
"This game has had a lot of work done on it. Helpful hint to users, sit through the ads to get your prizes. if you go too long without collecting those rewards, the game starts freezing.",3
"The ads are ridiculous and the game is buggy. update: 2 years later, I downloaded the game again, free version. ads are SO much better and the game seems (basically) bugless - granted, I'm only 5 levels in but that's farther than I got 2 years ago. changed my rating from 1 to 5 stars. well done, developers.",1
Constant ads that I can't exit from unless I close the app and restart it,1
boringgggg,1
doesnt load the screen,1
crashes constantly. started 2 minutes after I played it for the first time. not even old school tetris really. big disappointment. And why does it use so much data? it's frickin tetris and yet it uses more data than even youtube. it uses the most data of any app on my phone. why? ridiculous. uninstalling.,1
no screen controls make for a frustrating experience.,2
"I love Tetris, and the game is great. Unfortunately there are so many unclosable ads that it really kills the fun.",2
impossible to play with the amount of ads,1
No Offline Playing,1
Don't bother. It's not like original Tetris. control movements don't work at all. try to rotate? It skips several positions like setting you up for failure. take a hard pass on this version,1
"Hey Tetris Devs, if you're going to put ads on this app, cool. But video ads that crash the app or unskippable ads that take 5 minutes to play. Get bent. Once again, it is unacceptable for a minimalist game like Tetris.",1
The newest update made this game so laggy it's unplayable. Edit: this app has caused my phone to crash twice now. I'm uninstalling and never coming back to this game.,1
"waste of time , not what I expected",1
too many ads to actually enjoy the game,1
Good for the brain.,5
"annoying ads, glitchy game, does not properly credit after clearing multiple levels",2
super fun game!,5
og better,1
felt old,5
This app has such an insane amount of extremely intrusive ads that are so hard to navigate because of their intentionally deceptive buttons and take so long to wait through that its actually easier and quicker to keep closing the app to see if you will be able to start the next round without getting an ad.,1
trash,1
This is good game. Tetris. Abdull Tarzi,5
terrible implementation. where are the buttons? uninstalled after 3 minutes terrible experience.,1
wayyy toooo manyyy ads!!!,3
Who couldn't LOVE this cerebral classic game? Tetris is the GOAT of games!,5
"It says 'offline' in the describtion, yet it it the opposite. I must always get connected to the Internet, otherwise, the game would not even load a bit!",2
the ads are a bit much,3
does not play in offline mode,1
ads suck,1
garbage. won't even load pass the main loading screen. pathetic.,1
too many ads,2
"i literally can't play the game, it's stuck on the loading whenever i open it, it never loads, my phone isn't old or anything",1
gameplay is alright. I don't really like the mascot. I do not like how gameplay is split into levels and how you only have so many moves. got bored after level 4.,3
"way too many ads. so many ads, and difficult to skip past. Giving up and uninstalling.",1
so many ads in between every level and every now and then a pop up comes up on my browser app which is clearly a phishing attempt. if this is whats become of the tetris trademark its really sad and disappointing,1
app kept crashing nice job 😕😞 developers fresh out of college need more practice before getting hired for a business,1
"The app has a mind of its own, doesn't matter what you press or how you maneuver the blocks, it will do whatever it wants do. Years later I can still say that the app does its own moves regardless of how you maneuver or switch. Edit: I dropped the rating to a one star because I can see that it's 100% pre programmed and designed to keep you playing. Subs happen when my fingers aren't even near the sub.",1
"game doesn't open.. update: did all that, still doesn't open",1
"A solid waiting simulator with variety. I love this waiting simulator. It also has lots of variety, you can wait watching ads, you can wait while it connects to online services, you can wait while it gives you an error message asking you to restart the game. All sorts of will testing. It really tests your patience and make you a better man.",5
Too many adds - just want to play ONE GAME,2
gets stuck on ads and can't continue play,1
"too many ads, doesn't always move where you want it to, sensitivity setting doesn't really help. just go back to original, all the extra stuff is annoying",2
"Loaded for too long, & then wouldn't even start. Remember when smartphones didn't exist & Tetris played smoothly on those 2008 phones? This version makes me miss that.",1
best game teris,5
great classic game but too many ads,3
"There is an ad every single time before Marathon mode. The ads are really really hard to avoid interacting with--as in, you have to click on them and then say ""not interested."" It's $2.99 per month to not have ads, which is really expensive for a really simple game. I love Tetris, but all of the stupid ads that don't have an obvious way to ""x"" them out or some sort of timer so you know how long they will be really, really sucks.",1
it's fun but the amount of ads is terrible,3
choppy,1
"i have been playing tetris for about 3 months now, the fact is it is completely money-centric . They play ads if you win the game, lose the game and in between the game. Imagine the effect it will have if you give your kids this game to play, bombarded with ads. And the game is so rigged to the point they use the psychology where players win few games, they exit the app.To avoid that they purposely won't let you win the games leading that same feeling as in gambling to play more",1
"I liked this at first but I'm too attached to the original Tetris game I guess. When it got to a timed level, that was it for me. I uninstalled right away. I don't got time for that drama.",2
Was having a great time until around level 39...ads started between EVERY level. I get needing ads to keel the game free...but there are TOOOO MANY.,1
"Update, I was in the middle of a level & it switched to a web browser to show an ad. Way to ruin a classic game. Cons: Constant ad interruptions. Getting rid of ads is a monthly fee. Only level based play, can't play classic Tetris. Pros: Tetris, of a sort.",1
"It's honestly a pretty good mobile version of Tetris. But, like other mobile games it engages in the practice of ads and passes. You can't even permanently remove ads, you have to pay monthly. It has a cool marathon mode but you have to watch an ad before you play it. There's a ""VIP"" system which you can use mostly for rewards in Las Vegas. I'm not really interested in any of that. I'd rather use my points to purchase free frames, pfps, or backgrounds. The pop ups for events are annoying too.",3
One of the best ones I have down loaded,5
good 👍,4
It shows some ads which never closes. have to restart the entire game to continue playing. uninstalled.,1
as a millennial. I find this version an atrocity on the simplicity of the classic tetris.,1
"Ad free for 30 days for $2.99? This is a joke, right? Update: I watched the Tetris movie and it made me want to play the game. But the ads on here are impossible. It's sad that a game I grew up on is basically not playable and hopelessly ensh*ttified.",1
Good time,5
excellent 👍,5
The most stupid way to consider an old game a trade mark.,1
"sooooo many ads, frustrating",2
it's great just hope offline was here it's great but how will u beat block blast your better but not in offline cuz u don't have one!,3
The games is good but there is no EXIT button to exit the games. Force use Facebook sign in only is a very bad idea because Facebook is a bad platform.,3
I just want to play Tetris.,1
garbage. doesn't work. won't load,1
fun but way too many ads.. ad after EVER SINGLE GAME,3
Don't download the game don't open if you click as guest.,1
"All I want is to play Tetris. Why does a simple puzzle game require a constant internet connection? Clearly just to force ads. Every action triggers long loading screens that depend on your connection. Ads last 70–80 seconds and often redirect to the Play Store. Levels feel rigged, giving the same bad pieces to push you into watching ads or spending coins. Even after winning, more ads. Random coupons as rewards? Pointless. This isn’t Tetris. It’s an ad machine.",1
"this version of Tetris sucks. No need for a generic response, PLAY STUDIOS US LLC",1
"misleading information ℹ️, the game it has stated it's offline but after installing it and i want to play offline it doesn't allow me it shows I've to connect wth an internet connection 😭😭😭 you lied",1
"scratches the nostalgia itch, but the post-level rewards animations get old really quick. can you guys add a way to turn these off in settings? I want to be able to go straight to the next level without watching a bunch of coins fly and progress bars fill.",3
annoying ad,1
too many ads and other games load that I can't get out of,2
Does what it says on the tin. Just a nice solid game.,5
terrible.,1
too slow and clunky. the fact that of the times i cant play offline is diabolical. this tetris goddamit why do you need all this memory. i recommend downloading old tetris rom and emulating it for better performance,1
"The ads are a huge problem. You have to watch an ad after every game unless you want to pay for ad-free, which is $2.99 for 30 days, you have to watch an ad to claim any prizes, the ads are super long and you can't mute most of them. So don't plan on playing this game quietly. I have the sound off in the settings but ads still play sound and the game intro plays sound. Pretty disappointed with this app. I'm fine with some ads but the ads in this game are overboard.",2
"it's Tetris, so it's fun, but this app has constant ads and annoyingly crashes a lot. I have to close the app and reopen it just to keep playing, since it gets stuck on the Archery Clash ad and won't let you return to Tetris. I'm here to play Tetris, not some other game.",3
I was going to pay to remove ads.. until I saw it was monthly subscription. whoever came up with that has a special place reserved in hell. I uninstalled it.,1
never opens,1
unplayable,1
"Game is good and as expected but ads after finishing every game, and occasionally interrupting mid-game with a scammer pop-up made me uninstall",2
"I appreciate they've kept the game pretty similar to the original. Game play is relatively the same. It would be nice if it were more about attaining differt types of bricks and backgrounds like before. Although it's still part of the game, its not focused on achieving them. Plus it takes forever to achieve new ones",4
Absolutely riddled with ads. Excruciating,1
"It's not Tetris at all, some new ""improved"" version. An old game never really needs many instructions, or weird movements from block characters... Simply put another game should have been created don't ruin amazing classic games making them foreign to those that know it well.",1
to many adverts that prevent play,3
Addictive.,5
"it almost never works offline. and i dont see any reason why it shouldnt, so please fix that.",2
"app crashing from an advert with homely middle aged spinster images. probly a menopause drug advert or something, idunno. it glitches too fast to even read the ad itself. take it off. it's robbing me of my rewards after each stage. you guys need to get a handle on your adverts. they are the biggest problem with the game. someone sucks at their job for real.",3
"I wish I could give this app a lower rating. It is a complete waste of data, purely based on the fact you have to connect to the internet to play TETRIS. How the hell do they not an offline mode? Uninstalling",1
"in app store and random advertisement? nope, expected better from a game that's been around longer than me and is so simple",1
"I have always loved this game.. however, 3 or 4 mandatory ad pages between levels is annoying.",4
I would've given it 5 stars but the ads killed it for me. The ads force you to interact and make it hard to back out to continue the actual game you download. Google play kills everything fun in apps like no ads.,2
too many adverts,3
ads,1
0 stars constantly freezes or closes the application especially with the unskipable ads makes it worse,1
froze over and over got rid of it,1
Tetris is really fun and very challenging!,5
I'm having the worst experience ever right now. the game doesn't even open and keeps telling me the connection needs resetting despite my WiFi being good. so please fix it and let me be able to play this game,2
love it,5
never loads,1
"stupid game wouldn't even load. I downloaded the game, I open it, and I tap as guests. A full minute later, and it's still just doing nothing. pathetic.",1
"please, return offline services for once and for all and again make this playable offline",1
Does not start. Black screen on Pixel Tab.,1
"terrible, why does this game require a connection to play? its single player. also the amount of ads are genuinely insane I might just go play block blast instead because holy moly",1
It is as fun as I remember!,4
"The ads weren't interrupting my experience as much as some people, but today I got a pop-up of one of those fake virus alert scams while playing. I don't mess with that. Uninstalling asap.",1
Really enjoyable game to play. Great way to pass time. Wish they would get rid of the ads. Give it a try.,5
Couldn't get through the first loading page...,1
"This is a blast from the past! brings me back to playing tetris on our massive, family, dial up pc. sooo fun!",5
"inappropriate ads for kids. there's an ad called ""tango"" that isn't appropriate for kids. I can't believe the devs allow it.",1
it ain't offline and theres tons of ads each click,3
"its not actually Tetris. it doesn't let you play continually until you lose, it only has short levels which get very boring very quickly. also has way too many ads.",1
too many ads,2
Too many ads and no paid version.,1
"game doesn't work after tapping ""guest"" it's stuck on a blank screen in perpetuity.",1
"controls are meh, and I have no idea how to fix that but it's just Tetris. ie (blocks fall in a random order, and you have to connect the blocks to both borders on the left and the right of the screen) btw I'm number one in Kenosha WI.",4
During game play malicious ads are showing up.,1
"it works, but I personally prefer the official Tetris. the blocks fall too slow. the ""level"" system, it just... isn't my cup of tea. if you NEED a mobile Tetris, it works but I still prefer the original.",3
"Somehow it has become worse, it takes ages to start a new game, and still there isn't an offline option!",1
"Love the game! CANNOT STAND THE AMOUNT OF ADS! It is a ridiculous amount! Add if you complete or didn't complete a level. COME ON! Also they need to fix the sound issue. If I have sound or effects marked off for the game, the same should apply for the ridiculous amount of ads. It's as if you have your TV on mute then it comes over loud for the ad! Doesn't make sense! Atleast give players an option to pay the game without ads!",3
malware popups. the gameplay itself is good but the ads sometimes have no x even if you wait a long time and if you swipe up to get the back button on the phone (samsung) it makes you click to go to either app store or websites. the websites were malware and sketchy. not worth it.,1
too many ads.,3
"too much ads, scam ads may appear the kind that says that your device has a virus",1
it requires internet connection,2
supper laggy,2
get to level 7 and it just goes and loads another game forcing you to play without skip. see ya uninstalled,1
ads don't allow you to go back to the game. most times I have to exit and reopen.,2
"playing career is laggy af, I think it bc they load ads when u play it and it makes my phone hot af, bro it's just some block dropping game, it's not 3A game or Clair obscur, so fix it please. but marathon/inf one it's fine so just play that one, I think that's the reason to play this game.",4
the amount of ads a player is subjected to is ridiculous. the worst is they keep repeating the same ads over and over.,2
"Wasting way to much time waiting for the adds to clear! Playing games is suppose to be relaxing, not frustrating. I've uninstalled this app, not playing it any more.",1
i just hate ads tbh,1
"Far too many ads that are unskippable, no way to purchase game without them. Once you hit level 25 they will allow you to purchase no ads for 30 days for 3$ aka 36$ a year. this is just another scammer game, preying on the player. I would not recommend this game to anyone, it is actively tarnishing the tetris brand.",1
nice game force you to use wifi even you want to use it offline. full of ads it's like it is made for ads,1
"the gameplay is just fine but i find the app crashes a lot when online and the offline mode doesnt work properly, not sure why tetris needs an internet connection anyway",2
"No offline mode, need to link your Facebook to play as guest mode won't load most of the time and, when it does, I'm faced with the ad-pocalypse. RIP to the old Tetris app :(",1
"Too many ads like I'm better off buying a small keyring that I can play anywhere WITHOUT ADS. and this app is just annoying because I like it without flashy colors and theres no setting to do that. if there was 0 stars button, I would've rated 0 out of 5.",1
Too many adds!,3
Gave an ad saying my phone has a virus...,1
"Such a poorly developed app. Laggy, crashes, ads pop up in the middle of play or cause the app to crash.Even the banner saying you've levelled up is stuck in the middle of the screen so you can't see your next piece drop! For something which has been around for so long it is so disappointing. Latest updates have not fixed any of the issues. How to ruin a great game...",1
In the middle of a game it pops up a fake virus alert that says your device will be permanently broken if you don't click on the ad. Absolutely embarassing thing to allow in your app,1
"Probably the worsr version of tetris ever published. The original game was perfect. It didn't need any of the extra bs. Its amazing how much work someone put into ruining tetris. update: it has only gotten worse since I wrote my review. it has more micro transactions, advertising, gacha style gambling and other ways to extract money from players.",1
scam adds in reference to viruses pop up during the game. stay clear any game that allows these adds in is not worth trusting ❌ It was not Android ❌ It was not your phone scanning itself ❌ It was not real malware detection ✅ It was a malicious ad inside the game,1
terrible gameplay.,2
"oh hey, turns out they replaced the old lame official tetris app with a new, worse one! thats news to me. and could you guess that it was even worse? cause it is! mobile slop with ads in between each level, a level based version of tetris, which is beyond stupid, and its got all the bells and whistles of mobile games to keep users engaged, while preventing the game to be, you know, good. the mobile game market still sucks, what's new?",1
sooo many ads.,1
too many ads it's stupid u can't play offline,2
"the game itself is fine but the add content is atrocious, including random ones that bring you to the ""you have 37 viruses"" or ""you one free Amazon merch"", if they can't screen their advertising it will lead to identity theft or stolen information, get it together",2
better without ads,3
"ZERO STAR'S!!! I can't get it to load, therefore: No play, no Review other than it sucks, right now! Try fixing it pls.",1
this game satisfying to the nostalgic itch I had for video games from my youth. nice game play. Definitely will keep playing. i see you've added coins & shop. challenges to earn gameplay prizes & rewards portion is for sure lacking. seems like its half of an idea or something. hope that doesn't sound rude. its not intentional. I think its definitely got potential. also on the Daily check in for end of week gift. has a free peel sticker if you watch an ad. but they always glitch! I 💚Tetris,5
I got so many ads saying that I downloaded 3 viruses.,1
"downloads, but will not boot up. just wants to ""restart"" which never works.",1
you can't play the game its just adds. any time you tap anything its a full screen pop up add with no ways to get out of it and the X just takes you to the play store completely taking you out of the game. if you do manage to get arounds the adds this game has been around since the 80s why can't I just play tetris it walks you through how to play the most simple game ever and its soo slow.,2
"this game is super fun and simple. sometimes the ads can get annoying, but they do have to make money somehow. also when I play normal levels I feel it can take a while just to play the next one. overall love the game Tetris marathon is my favorite part!",4
"Yes it's Tetris, yes it's fun to play, but now the game REQUIRES internet access in order to play the game, and along with that ads, which I don't like to complain about, I get it, but I see NO option to buy a no-ads pass or something (Edit: someone said there is, but it's a monthly payment of $5). Not to mention I lost all my previous game progress before this revamp. Edit: I forgot to change my review after all these years, but now it's back to being an internet access-only game AGAIN.",1
"Whilst I understand the need for advertising, I can't actually play the game as it gets stuck on certain advertisements. There is no way to exit and move forward. It's just a loop of the advertisement and a link to Google play to download the game being advertised.",1
"app completely freezes up after hitting ""play as guest"", I guess you can't play without a Facebook. ridiculous.",1
"""Offline"" tagged game fails to start with ""connection lost"" error.",1
Virus scam alerts now popping up when using the app. deleted immediately a little concerning.,1
"exactly what you would expect. there are ads, but they are very short so you can slip through them and continue playing.",5
"gets 5 stars for being tetris, tetris is good. But i will subtract 3 stars for being the most annoying to use version of tetris, not having marathon mode as the standard mode, the UI sucks, ads, microtransactions and so on.",2
Zero stars. the game itself is fun but the amount of ads is pathetic. I'm ok with ads when i don't pay but when you spend more time watching ads then playing it's ridiculous. Some ads even take you out of the game while playing. There's a fake virus alert also. Sorry but i uninstalled it. I might have bought it but the ad experience just killed it for ne.,1
"cool game,brings retro vibes.",5
beyond frustrating. if you aren't full signal AND on wifi don't bother. data hog to the extreme. full of long invasive ads after basically every level. infuriating level design that interrupts your flow and ruins the gameplay. don't bother.,2
gave me fake virus notices,1
ridiculous amount of ads.,1
smart 🦉,5
too many ads - unplayable for free.,1
bad,1
Not working.,1
not the original tetris,2
they completely ruined the look of the game with an update while I was taking a break from the game.,1
Scam ads/popups midgame!! in the middle of a game it redirected me to a scam website telling me my device is infected with 3 viruses or something. every single game I download seems to have this as a popup undisclosed ad and it's so frustrating that developers are happy to turn a blind eye to dangerous scams for the sake of that sweet sweet ad revenue,1
to many adds just want to ▶️,1
good,5
started giving fake infected virus ads.,1
"Inescapable ads, please remove those! Ones with a timer you can move on from are fine. Otherwise, you lose all of your progress because you have to completely close.",4
Installed Tetris game. After 2 minutes a screen flashed up and kindly told me that my phone had 3 viruses. Never had a virus problem before. Have now uninstalled Tetris.,1
love this Russian game,5
super slow,1
"the game part is Tetris, sadly there is no Zen mode. I've heard it got removed because they couldn't monetize the heck out of that one. People simply had too much fun and played for too long without losing or ending. Speaking of monetization, they took a piece from the mafia handbook and spam you with ads after each game, and if you don't want to be harassed, you can pay a monthly fee.",3
full of ads,1
"the game was good, I like tetris, But it did try to push a phishing scam 😔",1
I can't get the second level it is impossible,1
not opening,1
too many ads that can't be closed without restarting the app. basically unplayable,1
I love how many ads are in this game!! I have to exit the game and restart it just to play the game. I still play it so I guess the pros outweigh the cons. Barely! God Bless and Jesus Saves!,5
"love tetris but the sound needs better adjustments and the game says u can play it offline marathon but it doesn't work. it only works when u connect it to the internet and then the level up highlight is way too annoying, it gets in the way when going fast! other then that no complaints the most fun part of playing this game is marathon",1
"Played almost 80 hours, had 300,000 rewards points linked to my google play account. Thats enough for 3 free nights in Vegas and halfway to a free cruise. Accidentally logged in with facebook and now they are gone. Can't get any help. Emailed them and never got a reply. And chatting with their customer support bot is a joke. Absolute SCAM. NEVER PLAYING ANY OF YOUR BS GAMES EVER AGAIN AND WASTED 2 FULL WEEKS OF MY LIFE OVER THE LAST YEAR+. YOU SUCK",1
installed it 6 months ago. love it. it deserves better ratings,5
Paid for 30 days ad free and I still have ads. You can't get out of the ads without closing the app. Too much wasted time,2
best game ever,5
it's fun.,5
"Impossible to play, there are so many intrusive and unskippable ADs that it's impossible to play. No ADs version is a monthly subscription instead of a one time purchase. Not worthy.",1
game play is perfect Ads sucks,1
i liked the game in 2021 because it had offline mode and traditional tetris. they got rid of it. you know why? 𝙖𝙙𝙨. it sucks now. fix this,1
way too many ads. now the newest privacy update requires you to allow them to track your location and share with their vendors. no thank you.,1
"unreal , gives me nostalgia !!!!",5
Too many ads. I also got an ad saying I had a virus and wanting me to click something.. Just download an emulator instead of this bs.,1
"Every update this game has had since 2023 has made the game progressively worse. It's gotten to a point where I genuinely can't play the normal levels because they decided to smooth everything down to make it look like a boring block blast clone and the ads and monetization have gotten to a ridiculous point, I'm all for game studios making money, but there's an ad every single level, and every time you boot up the game it pressures you into buying a ""my vip"" subscription. Go play a ripoff.",1
"Disgustoso. è incredibile che un gioco che dovrebbe essere letteralmente un passatempo sia impregnato di ADs fino a questo punto. Pieno di pubblicità, tra l'altro non veritiere perché molto spesso i giochi pubblicizzati non somigliano per niente alla loro versione una volta scaricati. Se a una persona il gioco piacesse tanto potrebbe anche decidere di acquistare il pass (che però dura solo 30 giorni). Se questa è l'esperienza che offrite, non lamentatevi della pirateria",1
I cant get past the loading screen,1
too many ads,1
this game is lag. and too many ads popping up. annoying,1
Really love tetris but can't stand the ads,3
Tried to redeem 3 months of Spotify Premium but I couldn't put my phone number in since it only showed the first few countries and I couldn't scroll down to my country,1
ads ruined it,1
too much advertising,2
Offline mode still broken!! Extremely frustrating on flights,1
Was a good game way too many advertisements now.,1
Internet connection? For Tetris of all things?,1
the ads overtake the game to the point you have to close the app to close the ads.,1
"adverts are beyond a joke, every game ends in ads, some ads even open whatsapp to scam companies.",1
None stop advertising. I cannot move to the next game until I sit and watch ads. it makes me not want to play.,1
uncloseable ad after every level. so freaking annoying,2
"the game is marked as an offline game, but you cannot start the game if you are not connected to the internet",1
"Even on the highest sensitivity, it doesn't always turn the block. Since the update, it also sometimes randomizes the turn. For example, a t block will go up, right, down, right or something similar.",3
"very fun and addictive, although could be harder and more interestig. little to no lag and little to no ads, get this game if you want an easy time killer",4
made a review January 2025 saying your forced to play wifi and still hasn't changed,1
poor controls.,1
The game is full of horrible ads that lag the gameplay,1
too many pop ups and Exiting adds sometimes impossible,2
Too many ads and unnecessary extra stuff going on. I only want to play tetris and JUST tetris. I don't want to have to watch so many useless ads.,1
to many adds,3
Awful. This isn't the OG tetris game - it's just a bunch of very short levels. It stops getting harder at some point and just generates repetitive levels so you have to watch more ads. Paying only shuts down the ads for 30 days. What a disgrace. Buy a vintage Game Boy for the real experience!,1
Constantly running into inescapable ads. There's no way to exit them unless you completely exit and restart the app. Extremely frustrating. I also can't play any other modes because of the ads. I tried entering the marathon thing and it will not let me without first giving me an ad that I cannot leave. I tried multiple times and eventually gave up. It made the game unplayable. Plus ad free is $2.99 for only 30 days??? That feels like such a scam. I would never pay that,1
meh,3
hope they add Bluetooth controller support,2
There is too many ADS don't play it.,1
The ads are cancer. Frustrating to navigate and consume way too much time too often for anyone to really consider playing this. find a knock off not desperate to make money off a 30+ year old game,1
Too many interruptions (adds).,4
"Too many adds. If you like this type of games, look for another one, this game is not enjoyable! It is getting worse; too many, too long, often inappropriate adds. The game is now unplayable garbage. Stay away, find other games.",1
The game is not well optimized to be played with a pen.,3
"So many ads, and you cant even pay to remove them permanently, instead you have to pay a monthy subscription for temporary removal. Id gladly pay ONE TIME to permanently remove these ads, but ill NEVER pay for them to just be temporarily removed.",1
"it is not original metric, and games only last a few seconds before it ends and tries to get you to download other gsmes.",2
hard to get out of ads. most last more than 2 minutes,2
Getting +18 ads. Disgusting!,1
noice,5
why do i need internet to play tetris???,1
it has way to many ads. its unbearable,1
love this iconic game!,5
the default theme was a big no for me. it used to has a lot of theme available and people could use any theme they want. we couldnt change the theme even tho our profile showed that we had bunch of themes. im sorry but the new default theme is also trash for me. too many ads. tetris doesnt feel the same.,1
"oh my god this app is awful, where is my multiplayer, themes, what the hell is my vip, the app looks like some scammy casino website, I'm just so sad because I really loved that app back when I was a kid and now it's just ruined. whoever was in charge just took away every good part of it and replaced it with some soulless slop. and don't get me started on the levels mechanic because who would play Tetris like that. the app is an abomination and it lags. how did you even manage to achieve that",1
every time I try to play it just kicks me out back to my home screen and then I have to start over on the same level. I've tried everything like force stop and clearing cache but it still does it .. I know it's not my phone because all my other games work fine and don't do that. uninstalled now,1
The game is ruined it for me. How can one play? it is also FULL of ads,1
not the classic i know,1
"Each level is really short, almost impossible to lose. Between each level you have to skip an ad (skipping 3x to get back to the game) its really annoying.",1
Led to a phishing popup Ad scam indicating a virus had been found on my phone!,1
Just Wiped My Progress !!!! All gone including what I paid for !!! what the hell ???,1
this is a very fun puzzle game are they don't want any complaints but it is better than black blast it is classic and fun I just started playing I could spend all night playing this game and never get tired another ticket that Tetris is a good game is better than Brock blast everyone should play this game I don't know why block blast is knock it off it,5
Decent game but ads popping after each level is a bit too much.,2
One of the greatest games ever. it just doesn't work on a phone. they put ads in it and it does not work on task controls,2
"the app crashes on multiple occasions part way through a level and I have reported this to the support team but with no answer. it is extremely irritating to be almost finished a boss level, watch an ad for more turns and the app crashes. the app continues to crash, it appears that it is when the app data being used approaches 1gb so I just delete data and log in again. very irritating. I have said I am not interested in royal court and royal Kingdom probably hundreds of times yet I still get'm",1
Too many Ads. After every level there are at least2 ads that you must wait 30-60 seconds between levels. The ads do not have obvious 'x's or options to close them and frequently take you out of the app if you try to click the closing symbols.. Not worth the effort to play.,1
"update: it's still bad, can't even pay to remove the ads. I just want a Tetris game on my phone. if you're going to insist on being the only Tetris, at least make it good. Mediocre, I didn't love the EA version, but this one has a smaller play field, less read-able graphics, weirdly laggy sound design, and has changed up the timings on when blocks are placed. On the plus side, there's no social feature integration or Facebook login, which is a nice change. Update: Years later it's even worse.",1
"Don't mind the game so much, but the constant pop up ads telling me my device has viruses is getting on my nerves. I can see that other people have been having the same issue but the developers have done nothing to address it. Uninstalled the game for that reason.",2
Good variation of the classic game but I cannot recommend it due to the overwhelming intrusion of sketchy ads that try to hold your device hostage.,2
doesn't load when tapping play as guest,1
misleading since this can't be played offline,1
"Won't even let me play. Pulled up a sign-in/play as guest option, I chose play as guest to test it out, and it put me to an infinite loading/frozen screen. Closed & re-launched, pulled up the same sign-in/play as guest page, I made the same choice, it gave me an error message. Closed AGAIN and tried AGAIN, this time, it didn't even get me to the sign-in choice page! This is so disappointing. Why would there EVER be a reason for TETRIS to use WI-FI?!?! (Note: I do have a stable data connection.)",1
Holy it's so laggy,1
"Played it regularly for a couple of years. I really liked it at the start, but in the last 3 months the developers decreased the freebies and increased the cost of the boosts. That double whammy on top of the ads between each game is enough to make me call it quits. Good bye ...",2
Unplayable because of the ads. Uninstalled,1
"Beloved tetris game ruined by ads after every game that can't be closed unless you close the app. Multiple times a pop up warning me of viruses will open, interrupting the game and opening my browser, which leads me to lose all my progress.",2
it sucked!,1
somehow managed to make tetris bad,1
"The ads EVERY LEVEL are killing all the fun! Can't even play without internet. 👎👎👎 If yall truly understood ""the frustration of the ads"", like in some of the copy-pasted responses, you'd do something. Just another app with ads to Temu 🙄",1
slow and too many ads,1
it's terrible. quite honestly the worst gamified version. I've been playing since it came out on the game boy and in order to play actual Tetris I have to download a generic third-party app because of the absolute garbage that this one is. this one has ads coins unlocks. I just want to play a simple game. not deal with all this garbage.,1
Just like all the other games!! 👎👎👎👎,1
not an offline game,1
"Doesn't even load. I click ""Play as guest"" and then nothing happens :/",1
"They have destroyed almost everything that makes tetris great. Instead of making you lose when the blocks reach the top they only give you a limited number of blocks before you ""lose"" and have to watch an ad to get more blocks. It would be fine if they just interrupted gameplay for an ad every 5 minutes but this mechanic makes it feel like you have lost simply because you played the long game. Why? I guess simply so they have a segwey into their next ad, framing as earning more moves. 🙄",1
game lagging after clearing 700 lines 😮‍💨,2
"thats not Tetris, is similar but not like original one, here u have levels but not type of levels u have in real Tetris (its more similar to Block blast - adventure mode), u cant compete with other people and u have ads after every game",1
Ads make it impossible to enjoy.,3
crashing all of the sudden level 105. tried several times,1
can't even play online anymore. It requires insane level numbers,1
great game,5
A tetris app that needs internet in order to work? I wonder how the original tetris machines could have possibly worked without internet! Not to mention the app is infested with ads.,1
"I love tetris , but this game doesn't work for my phone",1
Overstimulating trash,1
short games. not like original game play. 2 minute ads after every level,3
"it is great, not thinking of life play this game to have a little relief from it all!",5
typical tetris with variations for each level,5
waste of time just loading,1
it's a fun game except for the constant ads and the fact that while the game claims it's offline you can't actually play it without an internet connection,2
Poor attempt. Not very functional. Also constant rubbish pop-ups and dumb animations which stop you playing. Uninstalled.,1
Sometimes this game shuts off before the end when I am close to clearing the level. Then it starts that same level over again.,1
"tetris, not the original",1
The ONLY option to remove ads is for 30 days if you pay 2.99.,1
too many adds,4
Too many ads,3
good fun,4
I do not tend to leave reviews but being tetris a staple for many and one of my favorites this one is absolute garbage. your watching ads more than your playing the game. you are forced to sign in with facebook to have an account. I just want regular tetris without the gimmicks and ads and this ain't it. if you love tetris dont touch this or any other stuff from this company.,1
it keeps opening ads without my permission,1
malware? laggy. ads after every level. MALWARE!,1
ads everywbere,1
tetis blitz needs 2 come back best ios game ever!,5
shapes are fun,5
This game is lame it's nothing like the original. levels fell incredibly rigged to make you fail. The web version is way better than this app.,5
"it clearly says offline game in the category but when i open it, it requires internet meaning i cant play it offline.",2
for some odd reason the sound comes on everytime I start the app even tho I have the sound off in my settings. I have to go in and flip the sound and music on and off for it to be off in my session,4
its good but its always crashes plz add a button to turn of some details,3
"has potential, but so many adds ruin experience",2
love this game but there are just soooo many ads. I'm uninstalling after this,2
bunch of ads🤬karochi kuttingga ur naxxuy,1
"Haven't played Tetris in years so I thought I'd try this version. Hate the childish graphics, hate the ads...I was almost to level 25 when one of the ads caused the app to crash; since I was trying it as a guest, I lost everything. Sp much for that! Also it's way too easy, the handheld one my parents bought us at Radio Shack back in the early 90s was more challenging and more fun.",2
not real tetris. the game will lock you out if you don't click on advertisements. typical garbage game. don't waste your time .,1
"The app can't open. It does Open but gets infinitely stuck on the login screen. I tried both ways, Guest and facebook login. Couldn't play the game at all! I reinstalled it, couldn't login...Tried a few hours later, no avail. It simply is locked in the login screen and it isn't my wifi since all my other games and apps are working properly! My phone has almost 100 Gb free and a Lot of ram, So there's no way it was a lag, All the other apps function normally, I don't know why tetris won't work.",1
every level they try to install another game....Neverending Ads,1
"I had hoped it would be like the classic game. It is not. You play with levels, not classical endless tetris. The sound is very loud and the settings for removing them are not saved after you have closed the app. So every time you open the app you have to change the settings again. Also very important, the whole color ""3d"" blocks! Why? There is no way to play plain simple tetris. And this is supposed to be the official app. I feel like the developers forgot who the tetris audience is.",1
app crashes during a game and is not responsive with taps and swipes.,2
Too many adds. It makes the levels impossible with the amount of plays on purpose to try and make you watch an add.,2
fun game,5
it sucks that there isn't an offline mode,1
awesome,5
I don't know how you can mess up Tetris but these people did. It's not even about the game it's literally about ads. Terrible game they ruined a classic,1
"I love tetris but I HATE this tetris everything and add plays it has to reload the whole game, and the controlls are so janky that when I move the blocks and let go it changes the angle, and it messes up the whole tetris experience. I wish there was a better app for tetris",1
good. 👍,5
Where is quick play?,1
just want to play this level thing is just dumb,2
"Too many ads. Ads after every level. Not just 30 seconds, but up to two minutes of just sitting there wishing for it to go away. The long, frequent ads break up any relaxation that may come from playing the game. They are often loud and jarring. Two stars instead of one because the graphics are good.",2
Never open.,1
Paying for the full game is way better than a subscription based model. Why would people bother paying a monthly fee to play this?,3
"worst way to play Tetris. ads are everywhere, and the music is fake-retro.",1
Why on earth does this game need wifi and the game ruined the simplicity of the original.,1
"tetris used to be a fast or medium paced game without levels. it only tracked your high score. now there are levels, its slow, its clunky, and it has too many ads.",1
"Great game - however, on an android phone if you do not clear the level, you are only given the option to use additional moves, the option to 'x' out and try again, the 'x' option is off the screen and you cannot select. You have to close the app and start the app again to try again without using your additional moves.",2
"Exactly what one of the most replayable and beloved games in history was missing, a hideously generic ui, nonstop ads, microtransactions, and the most useless control system you could possibly devise!",1
pretty fun. although I wish there was an option to pay and get no ads for longer than 60 days. the ad quality and frequency is awful frequently I will get creepy online video call app ads...,3
"I was really hoping for something simple to relax and this is not it. There's ads and coins and weird visual effects. I mean, it's Tetris, but a pretty overstimulating and annoying version of it.",3
Tetris!,5
to many ads,2
the more u play..the more ads coming,4
doesn't allow offline play anymore.,1
no ad free version just a subscription. also for some reason u cant play offline which is really uhm.. interesting,1
old school but still got it. Tetris is fire for anyone over 50🙂,5
"download from store and didn't work, asks you to log in from Facebook or continue as guest then nothing happens, Pixel 9",1
too many ads dude like come on I just want to play the game I know you just trying to make some money but like before every game really?,2
most of the time it doesnt even work offline and when it works its way worse than so many clones,2
"currently on level 694. im addicted, i will say though there is 1 VERY annoying bug that happens on boss levels, when i go to watch ads to get more moves, the ad forwards me to the play store and when i click back on Tetris the ENTIRE game resets forcing me to do it all over again.",3
to many ads,3
the blocks taste like star-bursts,5
good brain relaxer and fun way to relax and stay focused fun,5
Would be 5 stars if this had perm add free purchase. 30 days only for 4$ is disgusting 👎👎👎👎👎,1
doesn't load can't play,1
Gamenya seru namun terlalu banyak iklan yang mengganggu sehingga menurunkan minat untuk terus bermain game ini.,3
"Gameplay was fine, but the video ads with ""x"" buttons that don't actually close the ad are scummy. There's also no permanent ad-free purchase, just 30 days at a time. I'll kill time elsewhere.",3
Ive never seen more adds,2
"the app is so game-ified its nearly unplayable. I know that sounds weird to say about a game, but there's a difference between a fun game and an app designed to addict people and push ads. if you lose a level and don't use the ads to get more moves, the little Tetris guy starts crying and says ""are you sure?"" Blatant Skinner box bullcrap. we just want original Tetris game for gods sake. no daily bonus, no anthropomorphic Tetris piece trying to emotionally manipulate me.",1
"it's bad and there are tons of ads, there should be alternate controls like a d-pad similar to the old times. greatly disappointed",1
"Does not run on Android Samsung Flip. locks on start screen, not responsive",1
constant ads.,1
second time I made the mistake of downloading this. it doesn't work offline. I was willing to pay for this if necessary but doesn't appear to be an option. pointless.,1
Too many ads.,4
a little glitch and a LOT of ads for other games but still a great game. 5th,5
ads ruin the experience. would love marathon mode. and to be able to pay to get rid of ads.,2
A fun mobile version of Tetris with shorter levels that are good for quick sessions. And there's marathon mode if you want the conventional experience.,5
more ads and tracker requests than literally anything i have ever played,1
"Brilliant game, beautiful graphics, but you've now ruined it with the unwavering barrage of adds (after every level)! You spoiled one of the best games in the play store. Only the basic Tetris (called Marathon mode) is worth playing.",3
The worst game I've ever played in my life,1
good game,5
this app is not regular tetris it used to be and was completly changed utter bs,1
"As a former pro Tetris player, it sucks that you cant just have buttons instead of the swiping. not a big fan of the easy levels or how slow it feels with swiping. Not my cup of tea.",2
"Astonishing how bad a new version of a game with a history such as Tetris can be. Completely useless environment around the game itself, slow, levels way too easy, ads in every corner, every ancient emulator enables a better experience.",1
"Too many ads. Ads after every level, most can't be closed or skipped, I have to close the app and reopen it. Some malicious ads, some ads that cause the app to crash",1
This ain't fortnite. Why yall got a battle pass? $3 /mo just to remove ads on tetris. What a world to live in.,2
After playing for a couple days it starts asking for money to keep playing?! It's Tetris - should be a simple game! Very disappointed in the cash grab aspect.,1
"Updated my review. It IS a nice mobile adaptation, but there's way too many ads. No way to remove them permanently, and the controls are slippery at times. No way to revive when topping out compared to running out of moves. I expected better from a Tetris mobile game, let alone an OFFICIAL one.",3
Terrible version of a masterpiece of a game. Destroyed by money chasing idiots who know nothing of the game!!!,1
"Game is fun but the constant ads and shut downs are annoying. Sometimes sound from ads play in the background while playing, sometimes I get kicked out mid game or close to winning for no reason, I have to swipe down multiple times to lock in my placement its just generally slow each level your on. when I first played it was fine, now I'm over level 200 and it seems it wants to quit.",2
You can't play offline,1
"One of the important factors behind the success of any game is controls, and this game terribly lacks it. We love Tetris because of its simplicity, but here it is missing. I'd recommend ""Brick Game:Retro Classic Brick"" by Ruby Entertainment instead of this mess of a game. Brick Game feels more nostalgic, and controls are much better; buttons are better than swiping particularly in Tetris. You can also change the theme in it.",3
ads kept interrupting,1
Keeps telling me there's viruses found on my device. Uninstalled and scanned my phone.,1
Releases Stress 😌 from the day Stress,5
"I've had this game for almost 2 years. Something changed and it doesn't play like it used to, there's a mandatory time limit and it makes the game unenjoyable. I was an 80s kid and Tetris was one of my favorites.... not this new version at all.",2
amount of un-skippable adverts makes it nearly unplayable,2
don't even bother. it wouldn't load on my phone at all. comes up with the tetris logo and then just stays there.,1
they want you to pay to temporarily skip ads on an almost 50 year old game,1
Way to many interruptions for other apps.,2
"Eh game is still good but why do you have to put ""Offline"" in the about's of this game if I can't even play offline, or maybe I'm missing something here cause this game needs internet for some reason is this a bug or a feature?",3
would be more fun without the un-skippable ads that causes me to reload the app every 5 minutes,3
Installed Tetris and had to endure some weird tutorial with a block in a backwards baseball cap. Immediately uninstalled it,1
"app wont load half the time, the other half is watching ad after ad after ad",1
"ads pop up, bring you to the play store and then you have to restart the app unless you download.",1
I hate the count-down just let me play the game,1
You have to play through their game adds. Sometimes it felt like I had to play endlessly in order to get back to Tetris.,1
Would love to buy the app outright but there's no option that I could find in settings. I won't have advertisements forced upon me. Determine your price whether outright or subscription and offer it direct to customers. It's demeaning to be the product you're offering to advertisers in exchange for a game essentially made 30 years ago.,1
to many adds,4
"forced a scam pop up saying my device had 7 viruses, ridiculous scammer on the actual Tetris app",1
it's really challenging for my brain and entertaining,5
"ads made gameplay impossible, deleted the game following a phishing ad. Didn't feel safe anymore.",1
"Annoying and intrusive ads that make it unclear how to get out of them. There is an option to remove the ads... for thirty days. Greedy, greedy, greedy...",2
LAG. PLEEEEAAAASE FIX THE LAG... HOW ARE PEOPLE SUPPOSED TO PLAY YOUR GAME IF ITS CONSTANTLY LAGGING.,1
"I am a long-time player of this game, but the most recent app update has caused the core motions of the game to be laggy and disjointed. There are big pauses before any screen change, e.g. after winning a game, the screen freezes for 10 seconds or so before showing the next banner. Also freezes before each advert. But the biggest issue is with the controls themselves - swipes down and positioning moves are delayed, causing me to then overcorrect!",2
"It takes ages to run due to ads, which is not supposed to be the case for a game as simple as Tetris",1
"Favorite game growin up on its own handheld console, but dang is it a special kind of selfish to charge ya $2.99 to remove ads for 30 days. Absolutely ridiculous. I'd be happy to pay $5 once for no ads, but charging per month is insane.",2
Do not play this game if you get annoyed by so many adds after every level you clear. And it spoils the fun of tetris.,3
"dude disabling offline mode just because they want to give ads for every single level swarm with ads even when you want to try again there will always ads, capitalism at it finest",1
fun and exciting game to play just like the orginal,5
this app runs predatory ads. while playing the game (not in between levels like it normally would and that's expected) a pop up add came across my entire screen claiming I have malware and instructed me to click the link to fix it and it even had the Google android logo. this is completely unacceptable - it's bad enough the ads are so frequent but for them to be predatory and dangerous is outrageous. this app should be banned for allowing its users be potentially subjected to harmful malware.,1
too much annoying ads!,1
every after round there is an ad. so annoying,2
"this app is pro-suicide. despite being a Tetris game, a franchise with a family audience, its devs use ad networks that promote ERP apps of AI characters (often underage ones) that show porn to/have been directly linked to the suicides of teenagers; therefore, this app's developers are pro-suicide. as someone who HATES AI, I've no intent on giving money to these thugs to stop seeing those ads, and will be posting on Reddit to encourage boycotting of this app until they stop spreading those ads.",1
it's a fine version of Tetris but there are so do so many ads. is basically unplayable with how many ads there are. ad after every level. ad any time you restart a level. it's like an advertisement with Tetris breaks.,1
if they got rid of the ads would be a 5,4
"I think my account is soft locked (I think this is what it's called?): so basically, I keep winning level 4 over and over again.",3
need connection😪,1
Controls are stiff and jerky and make the game nearly unplayable. Tried turning the sensitivity all the way up and down and the control is still *fart sound*,2
too many ads,2
Love the game but the ads are horrible. I don't mind ads but I get an ad almost every level and then I can't get past it. I have tried waiting and tried fixing an exit but nothing. I can't get past the ad. I always have to close the program and start again. Sometimes l have to do that several times.,3
Alot of Ads,1
"the ads make the game unenjoyable at times. Paid for 30 days no ad and still getting the ""optional ads"" what ads did I pay not to see?",3
"Soooo.... Like others have said, WAY too many ads. More importantly, though, feels like it may be a scam as to the gold. I've collected 340k gold since June, but all of a sudden, I am not getting personal goals any longer. I am pretty sure this was a bait and switch - get me addicted and remove the ""easy"" gold. I would be interested in hearing the experiences of others.",2
Annoying adds and gamebreaking bug where the game freezes if you touch an add,1
I really enjoyed playing this game till they recently ramped up and enforced adverts after restart. Uninstalling.,3
"If you want to waste your time watching stupid annoying ads that play after every level, definitely do download this app! :)",1
Cool game and i love the song!,5
"took pretty long to load, then crashed",4
love the classic,5
not tetris,1
it won't let me play at all. I click play as guest and nothing happens.,1
"i like it, but occasionally it crushes after several levels i played. hope this fix.",4
prefer classic tetris,3
forces Internet to shove constant ads down your throat,1
I'm giving it a 3 out of 5 because on the arena the 2 players on 1 is THAT frustrating. UPDATE: I'm giving it 1 out of 5 because taking the arena out of the game was not the solution and was in fact more frustrating,1
too many ads,1
The game play was ok but it kept taking me to a dodgy malware website so I've uninstalled.,1
"Crashing during the commercial breaks. very bad return flow from commercials. Levels too short and no tention, its just build to feed adds. No option to drag down and slow down in the end to fit wit slide.",2
can't play offline,1
too many ads,3
only way to get rid of ads is to pay a monthly subscription. no one-time payment option. You also can't access the many of the features (including the store to temporarily remove ads) until you've progressed through a few levels.,1
best game,5
when i first open the app i play as a guest then songs pop out glitching through my ipad when i delete the game the song is still there,1
How does this play worse on a Motorola smart phone than it did on my Motorola Razr flip phone 20 years ago?,2
game is fun but ada are invasive and obnoxious. they override game play every other level. Uninstalled,3
game is slow in every way. boring & annoying,1
As soon as u get to lvl 20 you can no longer move forward without paying for extra time or watching really long ads. you also have to watch more add time then you get game time. Do not download,1
"classical tetis (Marathon) is the best thing j the world. for the rest of the gameplay experience, there are too many ads blocking the flow. Including one popping up your browser mid game with fake alerts about infected phone.",3
I wanted to play some Tetris to waste some time on a trip. I can't get the game ads to go away so I uninstalled it.,1
requires constant internet connection. Can't turn off the background music. Welcome to modern age videogames,1
"I just want to play classic Tetris. I can handle some ads. I DO NOT WANT a ""leveling up to unlock features"" experience. Tetris is perfect for its simplicity. I would pay $5 or more for an ad free version that was just basic, simple Tetris. But that's never offered! Why????",1
absolute worst game on Mobile I've ever played there is an ad after everything you do no matter what it is so terrible for such a basic game do not install,1
I want classic tetris not puzzles.,1
"Absolute worst, you have to finish levels to get to a normal Tetris game mode, requires accepting access to Google Drive and other things, and full of advertisements and unneeded graphics. All I want is regular simple Tetris game!",1
like most of your games not for amusement on rigged to make human broke and fustrated no thanks about remove Google play from phone.,1
invasive unstoppable ads for apps that make you install apps greatly reduce usability. And then the developer gives me a response that is not productive almost a month later. unskippable ads that force app installs and microtransactions do not belong in a Tetris game. don't waste your time.,1
"Needs to add smart controls and make marathon mode the main game, update: all this time later and still no updates or real improvements. absolutely ruined the mobile Tetris app for a cash grab. horrible game and sad to see and not to mention, RIDDLED WITH ADS",1
I ❤ the original Tetris & was looking forward to this game when I saw it. I installed it and tried to find out how to purchase to remove ads and what a nightmare! Just trying to navigate around the different menus to exit let alone find a way to pay for the app was so difficult that I uninstalled the app immediately. Sad... I was really hoping to reignite my old love for this game!,2
how do I change region? it's put me in the wrong location which makes the leaderboard a bit useless,3
Huge Tetris fan here. Gameplay is great. The annoying thing about the app are the ads. You get one after completing every level. I have to wait to skip and the wait to skip again and the skip buttons are so small that I get redirected to the Play Store and have to go back to press skip again. I looked into getting the ads removed but that's only for 30 days of ad-free play. I don't wanna pay what is basically a monthly subscription to remove ads. Please offer a one-time ad removal option.,1
"This is a piece of junk azz virus of an app! How does the app store leave this app up for download. The game itself is not terrible. HOWEVER, THE APP TAKES CONTROL OF YOUR PHONE OR TABLET TRYING TO FORCE YOU TO DOWNLOAD. ANOTHER VIRUS INFESTED APP. It locks you in a loop it calls advertising and will not let you exit! Taking control of your device and forcing it to do something is the definition of a virus. I looked back through the reviews and found several that said basically the same thing",1
"Good Game Destroyed by Ads, start game watch ad, end game watch ad. you lose, watch ad. do anything watch ad. Sometimes i think im playing game or playing ads ? The ads are more engaging than the game itself. I start playing in ads. A game showing ads of game which let's you play games in the ads so you dont play the actual game but you start playing the games from the ads. On top of that there's s subscription to remove the ads ? I mean tetris is okay but not that great that I would subscribe.",1
not loading,1
"Paid for no ads, Still get ads!",1
fun 67.,5
"**UPDATE: Ads have gotten more and more obnoxious! Temu 'prizes' that you can't get out of, 'claim' buttons for rewards that are just another ad, no option to close ads without going to the Play store. Free apps are expected to have ads, but this goes too far!** The most authentic Tetris for Android, especially in marathon mode. Game play has room for improvement, like pieces rotating incorrectly. I.e. you rotate a piece once too far, 3 taps should put it back where you want it. But it doesn't.",2
Not like the Tetris of old but was pretty good until today when adverts appeared after every attempt of a level so uninstalling as now wanting purchases to end levels too after getting so far. Shame was pretty good until advert shoved in,2
"the moment I got a pop up it reminded me I have this on DS. I would rather carry an extra item then deal with a single ad on a ""offline"" game. disgusting",1
GOOD,5
"Good game, LOTS OF ADS but really fun!",4
Wouldn't Load,1
idk how multiple decades pass and somehow this ends up being worse then the og tetris from back in the day. This game is way to easy and it holds your hand as if you're retarded and can't think for yourself. End result is a game that isn't engaging at all.,1
"fine game, fine software and UI, just not my idea of a Tetris experience. I yearned for the infinite potential game play of classic Tetris. maybe there's a way to get that, but all I could find is a clear each level version. To me that defeats Tetris.",3
annoying ads,1
Nothing like the original. Ad's after every game. Can't move blocks were you want them. Shouldn't have been licensed to this game maker. Would rather see the original back on Google play store.,1
fun. bunch of ads,4
in the middle of playing it says that your phone has been infected with viruses and need you to press the proceed button. it says all banking information and other personal information is at risk. it's happened to me multiple times on this app. I close the app and then open it again and it's fine but just very annoying and could be bad for older people who might like metric but fall for those types of things.,1
"Good tetris, bad app. Disgusting amount of ads that lock the whole screen to try and demo them, almost every single one will open the play store after. Remove ads is $3 and ONLY LASTS 30 DAYS!",2
thank you for the support,5
cannot play offline.,1
"after each play you get an ad for a game and even if you play the ad you can't get out of it. It doesn't let you go back to the game. You have to end the game and then start the app over. I've just started reporting all the ads as inappropriate. Maybe that will do something about it, I don't know.",1
I don't want to sign up or play via Facebook. I uninstalled it immediately.,1
HOLY ADS.,1
"too many ads, and got to be on Facebook to play",1
Ads are too disruptive.,1
"Appreciate this game for being actual Tetris. A lot of the Tetris games advertise are block puzzles games, not the case for this one. The game sound is also so nostalgic.",5
app asks for too much info and way too many ads. no permanent ad removal pack offered only a 30 day one. Just another way for las Vegas to milk you out of your money. dont download. not only all that the game will tank you as soon as you start doing really well. stalling progress unless you spend money.,1
"This isn't Tetris. It's some mindless point and tap colour explosion dopamine hack ad engine. The next block appears at the top of the screen and just hangs there. At the bottom, all possible positions of the block are shown in white. The objective of the 'game' is to select the best one. You don't play for a high score, you play by candy crush style 'levels' for low amounts of points that you get by tapping the optimal placement of the pre-placed blocks. Shame on you for calling this Tetris.",1
awesome,5
"If you're really making me think that EA of all the anti-consumer companies on this planet made a better Tetris app than this, then you've really done something wrong. This is probably the worst Tetris app I've ever had the chance to use, with some of the most predatory microtransaction pricing I've ever seen. Making an ad-free experience a subscription service is something I'd expect out of EA, not this. Hiding behind the excuse of ""no auto-renewal"" doesn't change a thing.",2
"This Is ANNOYING ADS, THIS GAME IS TERRIBLE, 👎 I WON'T BLOCK ADS, WHY YOU KEEPING DRUGS TO TETRIS....!!!! #67 ONLY THIS CLOSING YET ADS, THIS GAME IS TERRIBLE!!! 🤬 TETRIS GAME IS VERY BAD!!! (Connection Online Ads Is Terrifying) UNINSTALL TETRIS GAME NOW...!!!! (Warning: Your Still To Tetris Game Your Is Uninstall This App Now But is 1 star.) WHY YOU FACEBOOK ACCOUNT TO THAT??!! 😡👹",1
too many ads... many if which are unskippable and at leat a minute long. i spend more time watching ads then actually playing the game. this has to stop,1
to many ads,3
advert cancer,1
"Unable to connect to Facebook on new phone. Every time I try to connect to Facebook, Facebook sends me a code to reset my password. I am just trying to verify my account, not reset my password. This looks to be an issue with how the Facebook login page is loading through the app.",1
"The controls are not great, ended up uninstalling.",3
this is not tetris.,1
I'm on level two second Tetris block won't move fix this or I will review bomb every game you own,1
used to love - fake malware adverts I used to love this game and would play frequently then got a horrible scare when mid game play a pop up came up saying my device was infected and all my banking information at risk.... I then deleted the app because it has given me major anxiety.,1
not my game of choice.,1
make it less ads please. and for free crates there ads for second and 3rd crates without mention about the rreward to claim with ads.,4
"game play freezes, but the ads keep playing or the ads block the screen preventing game play.",1
Ads are impossible to get out of. They force you to participate in them. Fix that BS,2
"says it gives phones a virus, I was playing the game - which is a decently fun game I enjoyed it. then half way through a level it opened an ad/Browser Page with no warning that said my device now has a virus etc. I closed the page and the app- obviously I don't have a virus but to a child or an older person they may have pressed the dodgy links on the page and given themselves some actual harmful malware- really bad for a game this popular and shows that the owners behind this game don't care",2
"A few things to complain about.I love too much Tetris, I have tons of it! GameCube, garbage tetris, NES, Atari, you name it. But this is way too easy. a lot of ads too I can never get rid of, and I don't like how there's a limit to how many moves you have. should have more modes too maybe, but I'm not complaining about that![EDIT: I am incredibly pleased with the ""marathon"" option! I really like how there is no limit on moves. it feels a lot harder too, just like the arcade. Thank you so much!]",5
has adds,1
I should have 6 themes to choose from but it only show the 'back to basics' as a choice. Amazon Slots ads does not load and the 10 min 2X multiplier expires and causes me to lose other rewards.,1
"One of the worst mobile game experiences I've ever seen. The ads and monetization is horrific and makes online casinos look like a better alternative. If I could lower the stars, I would. In the top 3 worst apps ever created. Absolute travesty to ruin an amazing game. Updated still awful",1
"I love the challenge of the Tetris games. The ads on this app are overwhelming. After each round, extra play, rewards claim, and anywhere else they can insert them are long commercials that must be endured to proceed. The same absolutely annoying ones are repeated over and over. There's no way I'm going to buy any of that stuff. I would purchase an ad free version of Tetris if I could convert.",1
Good game,5
Just wanted the game not the ads,1
Keeps telling me I need to download something as my phone has viruses,1
"It keeps automatically silencing whatever is going on in the background (e.g, YouTube, Spotify, etc) and completely restarting the whole game when you reopen the app.",3
"There used to be so many great options for Tetris on mobile. Now they have all been wiped out in favor of this ad-ridden bloated mess made literally by a casino game dev. I really wish there was at least an option to just buy the game, but instead the best puzzle game of all time has been transformed into more run-of-the-mill mobile clickfarming junkware. Go get Techmino instead. Tetris has been sold out. RIP",1
great game nice,5
"not really Tetris, bad control and game play. blocks arnt random. couldnt play regular tetris.",2
what's not to like?,5
"Nice that there is a ""classic Tetris"" mode through the ""marathon"" mode, but you should decrease the ads! I don't want an ad playing every time I start a new game. Also, the ads cannot be easily exited! How annoying.",2
doesn't work on my tablet,1
"game was fun but the ads really turned me off, it's not like I don't wanna pay for no ads, I'm already disgusted by it having too many ads. i was about to give a 5 star, them ads just too annoying. sorry",2
Corporate garbage slop,1
"Requires access to ads, will not work if you use an ad blocking DNS.",1
too much adverts and why must we use data to play a game,1
game is laggy asf,1
I love tetris but ads are abundant and I can't go a single session without being directed to a web page telling me I have malware,1
"take very long time to start, oftenly hang and so many ads",2
Ads are not skipable,2
Excessive ads,1
Long ads make the gameplay not worth it really,2
I don't like tetris but it is good for people who love,3
"incredibly laggy and glitchy, particularly when down swiping a piece, which sucks as it is one of the core mechanics of the game. was only prevented from failing levels by how ridiculously easy (and unskippable) the first set is. speaking of core mechanics, the option to hold a piece in reserve is completely absent (as of how far i got). the ads are both too much and sometimes crash my game. finally, the game won't let you play without an internet connection—why tag as offline then?",1
"I love this game, and the app did it justice, but heavy with ads, and even when they're gone, it's hard to find flow because they make you visit the menu between every round. this is a new update and I disagree with it fundamentally. Change it back so I can play level after level again, and this will return to a decent app. let me drop another comment cowards (give us infinite mode)",2
full of temu ads and scam ads claim that your device has viruses. deserves less than 1 star!,1
"Game used to be good a couple years back before they got bought out, now it's an inescapable hellspawn of ads, stripped away of its' modes that used to have teams, battle royale and much more. Once able to purchase no ads forever is now no ads for a week. Really guys? Nothing more than a cash grab for your data and attention tbh, don't bother with this.",1
you cant move the piece and rotate it anymore. you only can choose the options the computer gives you .,1
the amount of ads are ridiculous,1
way too many ads,3
trash,1
So many ads it's inescapable and infuriating. I had high hopes after I saw the little R but it's not an original or authentic feel. Happy to see it's not overrated. Time to uninstall and upgrade.,1
So many ads. Microtransactions. P2W battle royale mode. I just want to play Tetris.,1
apart from annoying add fjn to play,4
horrible ad bombardment,1
"I have been playing this game for a long time and I preferred the previous version where you could earn points to buy different music for the game. The music was very relaxing compared to the original Tetris theme which is annoying. Also, the game will show you accomplishments you've done while you are playing the game and sometimes it will block the screen so you can't see what you are doing. This can cause mistakes especially in the higher levels when things are moving really fast.",3
"touch screen may just not be the right way for this game or I havent figured out the functions of it well you cant spin the pieces and move at the same time, which becomes crucial as they start moving faster",2
Recently there were a number of updates... and now due to very bad programming skills it is now UNPLAYABLE,1
ads,1
this game goes to an ad and wont work,1
Very annoying ads,1
"would be an awesome game if it had like controls where you have buttons you can press to move, spin, drop and hold the pieces",3
inescapable ads every time you play a level you have to close the game and then open it again because the ads to play after the level don't let you leave them no matter what. sometimes when you go to start a game that plays an ad you can't escape either so you can't even get into the game.,1
ads are super intrusive,1
since the new update it has been veeerrrryyy glitchy!!! please fix the game!! also unecessary graphics....,1
you will spend more time watching playing ads than play the actual game. also it will sometimes try to install apps you didn't authorize. game play is great but this app is a trojan horse of bad mobile ads and malware,1
so many ads. cannot even use the marathon function anymore because the ads won't let you,1
don't like it it controls bad,1
"Played it, was fun, like I remembered. after my first go, every time I open the app, I get the trademark screen and then just a black screen. Doesn't work.",1
used to be good but now it takes you to the Google play store between games and makes it impossible to stop it... not worth this hassle... Uninstall,1
all time favorite,5
"I just want something like the classic tetris not some revamped version thats different from the original, thats what is wrong with all these recent tetris games. I might as well just download an emulator if I want classic tetris or just play an offbrand version in the browser because this app you can only play level by level, I want an endless mode like the original game!",1
to many adds not that good of a game to pay payments to get rid of adds,1
"zero stars If that was an option after installing the game and playing for a few minutes, I got thrown back to chrome and was forced to download anti malware software. sorry devs, but that's not how you make money. this is unethical. not zero. -5 stars.",1
fun way to exercise your mind.,5
Full banner ads that you can't skip everytime you finishes or start a game,1
"This is a great game please stop sending me ads for you guys games. Please, thanks.",5
seriously. give me an option to buy the game so I don't have to deal with an ad every time I pass a level. this is why people get emulators.,1
ads,1
"For the love of God, please just make a paid Tetris app that doesn't have all the extra nonsense. I don't want to stop in between every level. I don't want the stupid mascot. I don't want to watch ads constantly. This app is practically unplayable for anyone who wants to just play regular Tetris. I've been playing the browser version on my phone for a while, but at some point the browser version doesn't respond fast enough on mobile to compete with the speed of the game. Cash grabby trash.",1
"Worse than the EA version, let alone any version from years past. And your automatic reply doesn't lampshade the lack of quality, every terrible mobile developer does that.",1
"This game is really fun! I love how it has different challenges and racing with others, but idk why while I play this game, it sometimes has scamming stuff and said that I got virus but the other apps don't, I think tetris got virus",2
"tetris, too?!? this 40 y/o game... i was around when it hit the 25 cent machines: quarter hogs. all the rage. lots of friends did it, but they were the pacman crowd. not me. i dug pole position, red baron, asteroids, missile command, even frogger. some mario bros. simulators were MY faves. yet nowadays, i like the nostalgic stuff. so i tried tetris now. the real deal, original copyrighters, etc. not bad, good enough. BUT! apparently they're greedy ad sux, too. they byte w/ endless ads! BYEbye!",1
The ads are so bad and so long. Don't bother.,1
audio is a mess. it's playing two different songs at once and won't turn off when I go into settings and turn the music off.,2
Game functions properly and without advertising,5
Way too flashy. Gave me a headache almost instantly. (still too flashy but upped the stars after dev team reply because my complaint was heard and tetris is still great),5
"never even loaded. i just wanted to play tetris, but it wouldn't, because it needed an internet connection, for a game that shouldn't require it! bad. do not get unless they fix this.",1
"nah, this game got many ads",1
"So the app, gameplay wise, is very much like the original Tetris. But that's where my positives end. In order to even play, this game forces you to connect to WiFi. Meaning, that you have to deal with ads. Whilst playing the game, a mini ad was displayed at the bottom of the screen and whilst playing, I accidentally tapped on it and it led me to a suspicious website. And when you do get the game running without WiFi, the gamemode isn't the same which is a real shame.",1
"Now it does not let me play on Samsung, it just says ""reset to reconnect to the game"" and it made me angry now. Legitimatically, i hate it. ill just try the other phone.",1
"I can't play fast or the game starts to lag and shut down, saying that it happens on any system even new. consequences of making a mobile game and modernisation appeals to eye melting graphics and configuration that don't go well tgt,, but it's fun since it's tetris, playing this game on mobile is like watching a beloved relative dying to dementia or losing severe brain function like al capone in his final days",2
"Too many ads, uninstalling...",2
"downloaded this app to play Tetris to help prevent long term PTSD after a traumatic event, does not work without an Internet connection. Gameboy emulator it is... 📎 be like clippy",1
"Simply the best game for reaction time and strategy. You can join teams or make your own team to get more T coins, something likable about this game is that if you play good and frequently enough you can buy things like discounts on things like spas, going somewhere, or even get free things. You have to try this game out at least one time.",5
doesn't even have a normal tetris option,1
"this game used to have a button control option. it does not anymore. as far as i know, there was no reason for it to be removed. it is very frustrating to play with the touch controls as they are unreliable and annoying. please bring back the button controls. i also wish this game was just marathon mode, instead of the main game being level-based for some reason. for the record, i only play marathon mode because that is what i want out of a tetris game.",2
"Dear PLAYSTUDIO, Tetris your game is really good, removing stress, and very educational.",5
weird sounds eventhough all audio settings are off . its creepy . sounds like a kid moaning with some weird music. I cleared my cache . deleted and re-downloaded the app and that noise keeps coming on. wth is that.,2
"I can't escape levels that I lose anymore - the X is so far off the edge of my screen, it won't register me tapping on it. Superrr annoying I've gotta leave the app every time.",1
has ads,1
terrible glitch bug filled app not worth a second of your time,1
I got it installed. It would not load a game.,2
Absolutely taking the piss with the ads.,1
glitchy buggy,1
traumatizing controls,1
"almost immediately after downloading playing like level 2 I got redirected to a scareware page telling me I had a virus, not impressed by an app that doesn't verify what redirects it's allowing",1
"I don't like the level system, when I downloaded I though I'd just be able to play and not be force into a level immediately",2
full ads,1
ads and character interruptions are SO annoying! I would rather play on a flip phone!,1
"The amount of ads is awful, I am deleting this app because I am getting one after every level. There is no way to exit from the ad except clicking on the link to install it and then exiting from there",2
"Tetris is a wonderful game that relieves stress! For example, I played this game before jury duty to keep my mind off of things! Tetris is simple enough to not overwhelm, but challenging enough to engage.",5
"it's like Tetris for idiots, very very simple and nothing like the real thing. The adverts are invasive and they'll open randomly in the middle of the game, it's obviously just a half assed money grab.",1
"This sucks! I want my EA Games Tetris back! Control was so smooth! Plus... none of the themes shown in the pictures above are actually available. There's a missmatch in color between the blue ""L"" as it appears in the ""next"" window and as it appears in the play window. The dark blue on dark blue color makes it nearly impossible to see in the ""next"" window.",1
candy crush music begins playing Everytime I try to play a game even tho I have the sound and music setting off. have tried uninstalling and re installing with no luck. this only started after excessive candy crush ads began and I don't have candy crush even installed on this phone.,1
"Slow laggy and tetris in annoying levels, uninstalled",1
The sound options are buggy. Periodically the sound cuts back in even with the settings turned off.,3
"I like this game, but it has had an update where the X to decide to end the game doesn't show up on my screen. I know the FLIP cuts off stuff from the corners but this just seems like a huge oversight. If I don't win the match, my options are pay to continue, watch a video or be softlocked. Sometimes I can get lucky and get the X to interact, but idk why it was even changed in the first place. ""Hey everything about this game is perfectly fine, why don't we change something for no reason?""",2
"They Level Gated the Marathon... MARATHON FFS, oh also TOO MANY ADS like every 1 game you'll get hit by an ad",1
Ad filled disgrace to the IP,1
"The ads are beyond ridiculous and overbearing. You will LITERALLY spend more time watching a single ad than you will playing a single level. And they are constant. By far the worst ads in any game I have ever played. And no I will not pay you to remove them I'd much rather uninstall and find a better game that doesn't insult me by wasting my time. There are much better games worth your money and time. The ads wouldn't be so bad, if they didn't last several minutes.",1
This isnt tetris. I just want normal classic tetris not all the animation and levels and whatnottery.,2
was just playing lvl 2 and got redirected to a different app telling me i had 3 viruses on my phone trying to get me to click a button,1
"once again, ads have made an awesome game unplayable. thanks for ruining tetris. game crashes after an ad pops up. or, I'm doing great in a level, but an ad interrupts the game, so I have to restart the level.",1
subscription for ad-free? bruh,1
Awesome game! Lots of fun!,5
The animations in between games are annoying and theres so much useless stuff like a shop and stuff idk why but it feels bloated otherwise the gameplay is good,3
"I LOOOOOVE TETRIS but this app really annoys me💔💔 I wanna play the game offline cuz ads is annoying and its pretty laggy for my device(a me problem). I mean, whenever I play offline it says ""connection lost"" BRUH ITS OFFLINE LIKE WHAT U MEAN BRAAAHHH LEMME PLAY IT OFFLINE!!! THERE IS NO CONNECTION BECAUSE IT. IS. OFFLINE. please, please, please fix this.🙏",4
no button controls witch makes it ridiculous to play. you can't hold blocks witch is a core mechanic in the best tetris games I've played better nock offs!!!,1
"Love this game since I was a kid, I'm 57 years old now and still love it.",5
its ok. the interface is very slow when you are trying to flip the prices and line them up. and it randomly crashes and kicks you out. but otherwise its ok.,2
lots of ads for the same apps,2
app freezes after about 5 mins of play. used to run better years ago. not worth downloading. extremely frustrating.,1
"I haven't played in a few months but now after updating it, I can't get past the ads. I click on marathon, new game or continue game, plays an ad every time and there's no way to get out of it. This happens whether I play marathon or leveling up. Cleared the cache and data, nothing changed.",1
"The Original Tetris that we used to play on our old SEGA Mega Drive and the Gameboy, I love it so much.",5
I search offline games and this came up. trying to play it without wifi it won't let you play at all. it's just Tetris ffs,1
"atrocious ads, unskippable ads after every plus 50% of ads ARE SCAM ADS. first few levels are ok, but after 10, its non stop ads 👎👎👎",1
I love this game. It reminds me of when I was a child and games were simple.,5
"Used to love this game, but adverts are so annoying, it's not worth the time.",2
I love the fact that when I play I automatically unwind,5
"So, the game has practically been mastered (aside from the occasional buggy updates) but I still have some small issues. For starters, the ads at the bottom of the marathon screen regularly interrupts my gameplay, my other problem is that whatever you play the last royale ticket, the app crashes! I avoid this by buying unlimited gameplay but it's still an occasional nuisance.",4
too many ads.,2
nice game,4
Needs internet connection. Make it playable offline and it will be a 5 star.,1
I just Love tetris :),5
"Played Tetris for a longer than I care to admit, however this app needs serious work.The app lags badly (I'm sure it's because of the forced ads) in which is an obvious struggle with a game like Tetris.Not only but the forced ads take you completely out of the game disrupting the entire game and if your above 200k you may as well reset.""level up"" why on earth is it so big and across the entire screen.Not only but with each level up comes a stutter of sorts.Also you can't you turn it off.Bad app!",1
"I hate how the controlling works, it plays against you",3
The app is very annoying to use because it tends to suddenly kick you out of the game.,2
"Good game, can be fairly challenging. Not pressured to make purchases to keep game going/progress through levels. The ads (at every level completion or failure) can be annoying/very frustrating, and frequently direct away from the game (can't close the ad, but directed to another site). Is often easier to close the app & reopen rather than let the ad play.",4
Absolutely trash controls. by design they make it impossible to play accurately on higher levels. I love Tetris but this is by far the worst version I've ever played.,1
over the top ads,4
why does everyone hate this I love this game,5
"trash app, I can't sign in on fb and I can't play as guest coz it's been loading for an hour. I tried everything but it didn't fix anything. I had this problem a year ago and i tried installing it again but its still trash as ever. eww",1
"open the game, ads. play the game , ads. finish one round of game, ads. need more moves , ads. game time out, ads. inside ads , 1 not enough, 2 still not enough lets have 3 ads. Ads player. Don't waste your time.",1
it needs internet,3
An ad was displayed which automatically directed you to a web page which then attempted to get you to download malicious software. I would advise against downloading this app until this issue has been resolved.,1
it's poorly optimized especially for my device and its freezing my phone and I had to uninstall because of it,1
"play is worthless, no control",1
shouldn't need wifi to play,3
"Ads are not even pop ups. They are redirects to a web page. So, in the middle of a game, the app will open up a random webpage in your browser which you then have to close and reopen the game.",1
this game sucks,1
"I got this game hoping it'd just be normal Tetris, the kind that everyone and their great grandmothers aunts dog knows, instead what i got was a buggy, laggy, ad riddle microtrasactiin filled piece of junk that forgoes the entire original form and playstyle of the original Tetris and turned it into an annoying slog built to steal money. On what EARTH should TETRIS have A MOVE LIMIT and MICROTRANSACTIONS. This is lower than low. This is below the bottom of the barrel.",1
the new mascot sucks,2
While playing the game an ad was displayed with a phishing attempt. Excessive monetization and takes forever to load into a simple game.,1
"Game play is fun and simple, but the ads are AWFUL and you can only pay to suspend them for a temporary time frame (e.g., 30 days, 60 days, etc.). The Pintrest ad was especially annoying, and occasionally the ads would start to install games on my device I didn't want.",2
you cant skip ad,1
too many interruptions between wins,3
"I don't got this for airplane flights, and it no longer let's you use it airplane mode. lots of ads when online and you can't play offline",1
this app gave me a pop up to my browser trying to scam me. never had this happen before and shook me. i immidiately closed the window and uninstalled this app.,1
"""Excellent game puzzle 👍👍🤎🤎🤎🙂.""",5
"I was NEVER able to play the game. It took forever to load and keep claiming ""LOST CONNECTION"" and instructing RESTART, which failed. BUNK APP!!",1
no permanent ad removal option,1
ironically as an mgm rewards user and a tetris fan you'd think this version was made just for me - but i just want an android version i can buy and not see ads. the touch controls are pretty good,3
"Tetris, if you like ads and not playing tetris. I'm really disappointed in the update... I've had the OG tetris in my phone for years. It's my favorite go to offline game. They force you to play levels. Don't want that. Force ads on you between rounds (again don't want rounds). Marathon can't be played without watching ads. There used to be like 8 modes? Where did they all go? The company who is running this app now is a money hungry corpo. Call Alexey Pajitnov, he knows and cares.",3
this game is unnecessarily hard early on to get you to spend money. especially with event episodes.,1
when you run the tutorial shows you how to rotate the blocks no you can't it does not rotate all you can do is drop them,1
Paid for this game to get ad free and the it updated and I lost my premium. They are NOT working to fix this its been years,1
"Ad after EVERY level. Weird groaning sound effects that won't stop even with ""sounds"" turned off. This game sucks.",1
This Game Was Really Old Game Just Like Block Blast. End Of Support Tetris: 6 June 1984 - 13 September 1998,4
game won't even start.,1
"Far too many ads. They become intrusive as well, forcing you from the app and back into Play store to encourage you to download something else. Becomes incredibly annoying. Ads are expected, of course, but this gets ridiculous.",1
the loading screen takes a long time to load but overall it's a good game and will keep you busy for hours,4
Unplayable mess. Constant ads causing lag during gameplay. This used to be good but it is now terrible,1
"Great game, very nostalgic!",5
Congratulations to the devs for making Tetris boring.,2
needs WiFi and has ads. just get a fake version instead,2
worst app not working needs network,1
"I just wanted a classic tetris game, this was not it. Too many pop ups, splash screens, and fireworks. I wanted a calming puzzle game, not feel like I am playing video poker in Las Vegas.",1
"played Tetris for years now, and this is possibly the worst version of it yet.",1
I love this game I'm trying to go on a Norwegian cruise line with my rewards I'm glad I found this game,5
"As much as I love tetris, the way the blocks change shape is not intuitive at all. I get if others like this but I hope there is an option to change shapes in a way that is not random but actually follows the shape of the blocks in a natural way. It has made the game unplayable for me.",2
Way too many ads. Uninstalling,1
"No Game controller support... Too,too dificult to play as tap and swipe like Tetris game. It's impossible to move mino as I want to, more and more faster speed.",2
why do android Tetris games suck so hard? isn't this almost the oldest video game in existence? literally inspiring me to read more. thanks I guess,1
too many advertisments,3
"it's not a game app , i tried to play it but I couldn't cuz it's showing you ads more than playing , every time you touch there is an ad ... fully not recommended",1
Fun and addicting,5
why is a game this old still choppy? I get that my phone is pretty cheap but still. what about tetris could possibly be this complicated and hard to optimise?,1
"Where is the classic mode??!! This is tetris, there should be an endless mode!! I don't want to do objectives, are you kidding?! And if there happens to be an endless mode, it must require a hell of a bunch of levels to unlock it... Which is insane. But there's no endless mode that I know of. No, I don't want to clear 20 lines then stop. Give us endless mode!!!!",2
won't load past the login screen,1
this is by far the worst version of Tetris I've ever played,1
"Super cool!Nothing beats the original tetris,the time is now.",5
"it doesn't load about half of the time and the advertising is egregious BUT... its tetris, nuff said",2
The game is great but the ads are horrible. I would gladly pay for an option with no ads but it does not exist. Uninstalling immediately.,1
"Love the game but your latest update is JUNK!! Game freezes after every game, have to close out to reset",3
too many ads in between levels.,4
Love the fact that I can play it offline as well. Edit: they removed the offline mode,1
I just purchased the 60 days ad free pass and the adv is still showing. Please check or refund. Any update?,1
"Bring back the old controls, ruined the game for me, been playing the leaderboards then, and i expected the changes will be reverted but still insist the slide, tap controls, bring back the old button controls.",1
If a game has ads then it will get uninstall. Why would developers mess up a good thing with this garbage ads is beyond my comprehension.,1
So many ads and in-app purchases it's borderline unplayable,1
best iteration of Tetris on Mobile but no option to remove ads permanently,3
tetirs,5
"$3 to remove ads, but it only lasts for 30 days. the ads are super pervasive too. what a scam, super sad that this seems to be the official Tetris app for Android, it's really difficult to mess up Tetris but they sure found a way",2
Didn't work 😭,1
"doesn't work offline, won't open with wifi . downloaded and deleted in 80 seconds",1
Too many ads. There's an ad after every game. and there are banner ads. there's no way y'all need that much money to maintain the most fun and simplistic game ever.,1
Last update took away off-line mode. Uninstalled!,1
I love tetris so much but my favorite one is 1984,5
"edit: the scoring is fixed and this game is as good as it used to be! the latest update changed the scoring. used to, when quickly swiping the shape down you would get points for speed. now you only get points for removing rows which makes it impossible to win.",5
"Tetris game is fine as they go but downloads a bug advert. Every time I open the app to play, after about two rounds a false ad pops up saying my phone is infected with something and I must pay/do something about it!! I just closed the tab and it lets you go back to the game. 1st time I checked my phone with security etc but clearly it's a con that's come with the game download. Shame",2
"As a life long Tetris fan I cannot recommend this game. It is sad to see that tetris has become an ad filled piece of garbage. complete with a micro transaction store that can temporarily remove ads. That's right, paying money to remove ads in this game is only temporary. This along with all of the extra unwanted bloat and the fact that one can't play offline in any capacity leads to a terrible user last and money first experience. I will be seeking out piracy options.",1
cant play this app offline. uninstalled,1
unplayable due to ads,1
Always Loved Tetris,5
winner,5
doesn't work... probably upload too many ads and crashed,1
Looks like it's time to uninstall this. Another classic game ruined by greed.,1
The original Tetris never had ads 💔,1
too many ads.,1
Won't load. Galaxy S25 FE,1
"out of all the versions of tetris I've played, this is probably the weakest. Not that it's bad in general, I can see how it can be appealing for some people, but it kinda has the same problem as Tetris 99, in the sense that regular infinite tetris is locked behind some kind of ""play further to unlock"" feature instead of being accessible right away. Wouldn't recommend for people who really are into Tetris, but for casual players, knock yourself out.",2
Love Tetris! Thank you! 😊,5
"ads that are questionable, there was a link opened to a website that claimed I had viruses on my Android phone. that is a horrible use of monetisation and they should be ashamed. when the ads are legal they are intrusive and ruin the experience. this has happened a second time so I uninstalled the app",1
"I'd like to talk about the interface. I'm using a Samsung Zfold phone, and my experience when using the closed screen is terrible. Literally, most of the options are cut off the screen to the point where I literally can't exit a game if my screen is closed. Please optimize the interface for different types of screens. I'm only adding 2 stars because I actually love the game, but otherwise, being able to play it only on an open screen is pretty frustrating. Please look into this issue",2
if you wanted classic tetris this isnt it its a generic puzzle game in a tetris cosplay,1
"Too long to load... I sat for maybe 5 minutes with the screen doing nothing, not progress or animation. Uninstall 😢",1
struggling to play since the increase of ads since the last update but the game itself is fun.,3
love it!,5
an add between games or levels but good to play,5
"annoying ads making the game crashed and bugged sometimes, I lost my progress",1
True to the original game! 👍,5
Too many Ads DO NOT DOWNLOAD!,1
Won't even load. Been stuck on homescreen for 3 mins,1
"The ads are ridiculous. Half of my time playing is spent waiting through ads, they make the game very buggy, and the software crashes often. Sad that this is what the legacy of tetris has become. Back to the Gameboy for me!",1
The ads are infuriating,1
helps my ptsd,5
horrible ads,1
"full of ads. Used to play Tetris all the time, now it's basically unplayable. I'm gonna see if there is some place I can side load the game from or a cracked version. I'd pay for the game, but I'm not doing a monthly subscription. sorry. lol.",1
doesn't load,1
"I love this game, BUT: -I am not always online and it is forcing me to go online in order to play... -I don't have fb and would like to be able to either create a tetris account or log in with Google or something. Please, programmers, fix this! 🙏🏻 It's an awesome game and these are truly annoying issues that Tetris shouldn't have",3
"if we have music off, the game shouldn't make noise when booting up or during ads.",2
"For the love of God I just want to play silly games on my phone and listen to my audiobooks or podcasts. If your adds stop my audio all together, that's it. Uninstall. WHY CANT THERE BE A SINGLE FREAKIN APP THAT DOESNT HAVE ISSUES WITH ADDS?",1
never opens,1
"Literally the only thing I used this for was offline play marathon mode and now for some reason I can't use it offline anymore. I might just dig up my old GBA and use Tetris on that instead, and I would encourage anyone else to do the same instead of waste their time with this money grabbing app from a company that does NOT need it. Uninstalled.",1
"I'm enjoying my time in this game, I like it.",5
"well, how do I describe this DISGRACE OF A GAME. Oh I know IT HAS WAY TOO MANY ADS ITS WAY TOO EASY IT HAS A 20 MINUTE TURTORIAL AND IT THROWS COLORS AT MY FACE EVERY SECOND. ok that's all I had to say. ;)",1
Downloaded the game and it wouldn't even load in off the main screen. Disappointing.,1
"I hated it for taking forever to load. You lose your mood for playing and start cursing its developers, it's so frustrating. Do not install.",1
locks up constantly,1
Any game you can't win without watching ads is not worth it,2
"Dont bother downloading this. Can deal with pre-game ads, but now the ads come mid-game - really off putting - happen about every 20 seconds during gameplay. Awful! Deleted today after having the app for 5 years.",1
Literal malware ads. Game itself is fun up to level 50. Then becomes convoluted and dull.,1
Classic,5
"I tolerated the app because it allowed me to play offline. Since the last update, every time my internet goes off or I am in airplane mode, I cannot play the game. Why is this important? because the ads make using the app a harrowing experience. The only actions that don't prompt ads to appear are opening the configurations and profile tabs. I was genuinely waiting for an add to pop up every time I searched for the offline function (that does not exist). Getting rid ads requires a subscription.",1
It's an online game with adds.,2
"Classic Tetris on Android. Gotta use an ad blocker, though.",5
"still terrible, ads that stop you and crash the game. It's a big ad disguise as a Tetris game. You can't play the game unless you watch at least 2 ads, and the list grow from there, what a shame",1
"Just install Block Blast. Because unlike this dogshit, you can play that game without wifi and you aren't flooded with ads. Truly, a disgrace to Tetris. You should be ashamed of yourselves.",5
"everytime I leave the app, for even just a second, it restarts. which means if I accidentally click an ad, then I have to restart the whole level. this is driving me nuts",1
game font extra large and can't be minimized to fit sceen,2
pop-up window keeps launching mid game. opens browser and ends up in infected website. uninstalled!!!,1
cant be played offline,1
no endless mode,1
I play adds longer then I play tetris,4
"its fun, but way too many ads",5
new scoring after app update is horrible. makes it practically impossible to pass levels without using extra rewards to continue. unless this is changed I'm done with this app. not much point in playing anymore,1
Why i cannot play offline in new update and the pop up message only give restart chance not offline. (Sorry if my english bad,3
"it won't even load, with or without internet. it's just Tetris how hard can it be. this is the worst Tetris app of all time I dont think anyone could enjoy this anymore.",1
not Tetris,1
"I used to like this game, unfortunately, they have hidden the only reason I play it (marathon mode) I straight up can't find it anymore. It was good while it lasted Tetris, but you flew too close to the sun.",1
Another Game Ruined By Greed... it was one thing having to watch ads to get points to continue failed levels. its a whole other story when I stop getting those points wasting my time watching ads for garbage games. This is a sad trend in gaming. Not only mobile but on the consoles as well. RIP,2
"They've completely broken Tetris, virtually unplayable. Had to uninstall it.",1
good but slow and I don't understand the coins where to use them,5
"I've been playing this game for years but the recent recent updates and redesign have ruined it. Granted I am at a very high level (~2,800) but the levels are now nearly impossible to complete. They're always just out of reach - repeatedly 1 line left by the time you're out of turns and the next piece would make you win - encouraging you spend money to get extra moves and skips. Multiple adverts and extra pop up challenges and mini games don't help UX either!",1
it says offline but isn't.,1
"Started out working well. But now, when I open the app to play the game, it sits there on the first loading screen continually loading. Uninstalling.",1
so laggy it's unplayable,1
unskipable advertising,1
too many ad interruption and the ads are long.,1
"Tetris used to be fun. Now it doesn't load, so now it just wastes memory on my phone. After I reached a certain level the nature of the game changed and I had to watch more and more ads to play. I uninstalled and reinstalled it to get back to what I consider a more fair balance of ads to game time. Since the reinstallation, it doesn't open to a game, giving it one star is over rating it.",1
Removing the offline play option was an absolute trash move. You've lost a decade-long player here.,1
1 star why? I couldn't even load into the main menu I was stuck seeing the tetris blocks forming into the blocks I swear I could on chrome and search online for a website game and load in faster than the one on my phone however it could be because my phone is a decade old but it runs every app I hope that this game could better itself but I doubt it,1
Can't play offline What's the bloomin point??,1
This app sucks. It's slow moving. The moves limit sucks. Also you are unable to move a falling piece into a tight squeeze. I don't recommend playing this game. Go back to the original video game.,1
not actual tetris,1
this app used to be playable offline. it's not anymore. instant uninstall.,1
Can't play it offline for some reason,3
it feels like a year's just to wait on the loading screen,2
takes too long to open,1
"i played this game before and it was so good cuz it has an offline mode but then i downloaded it again but this time there's no offline mode, can you guys bring that back please?",3
Very enjoyable but adverts after every level.,5
"New Scoring is HORRIBLE. I have been playing and buying in game items because I love the game so much. Now that you've changed how point games are scored, many levels are literally impossible to solve without at least one skip-it. Now you only get points upon 2 lines or more cleared. Change it back or I'm done with the game. Not even fun anymore.",1
Annoying notifications THAT CANNOT BE TURNED OFF!,1
offline mode doesn't work. it keeps telling me to reconnect. Edit: Even after the update the game still doesn't work with offline mode.,2
It loads for too long,2
Constant ads with no options to make a one time payment to permanently remove those ads is instant one star review and uninstall. I'm so sick of these developers shoving ads down my throat every time I play Playstore games.,1
"They've ruined their game in the latest update. you now are forced to play their annoying @ss levels to play real tetris, aka ""marathon"" mode. you're now also unable to play offline, which was part of the appeal in the first place.",1
A complete failure. I tried logging into the game with my Facebook account but it got stuck in a logging in screen. Then the app itself asked me to reset it. I cleared the cache and data and restarted the app. Still it's stuck. Uninstalled it. I'm not even mad. Just amazed at how broken this is. Just wow. I would have paid for this gladly if it worked.,1
Game makes you jump through hoops to play regular old fashioned tetris,1
"why is this ugly, unenticing version of this extremely popular game being foisted upon us? how long would it take ANYONE to design a progression of TETRIS levels? take up this challenge..you all.",1
The game has been downloaded on 3 of the phones in our home. It doesn't play. We just see those 4 little boxes do their little crazy dance.,1
Horrible Experience. Awesome classice game too bad half of the time game doesn't load. Reinstalled and nothing.,1
"I don't want to play this leveled game, bs. I just want to play Tetris. classic tetris. seriously, how difficult is that?",1
I loved this app marathon mode was fun and challenging and worth sitting through the ads to play it and suddenly it's just gone where the hell did it go all that's available are the dumb levels which is by far the worst part of this app WHERE IS MARATHON MODE!!!!,1
after the update the game is not working pls fix the bug,4
"Terrible cash grab app designed to shovel ads at users in piles. a terrible way to play Tetris, what a waste of time. it forces you to play ""levels"" to unlock ""marathon."" ""Marathon"" being the actual Tetris you want to play. the levels are uninteresting trash designed to give them a break point to insert ads. The ads are particularly egregious, I found no way to return to the game for them besides reopening the app. no x, no way to finish the ad. just redirects to the app store.",1
"EA has butchered this app and basically made it unplayable, the marathon mode (actual tetris) has been removed since the recent update. every time you do anything a minute + unskippanle ad plays and no you can't just turn off your data, you actually have to interact with and play the ads. Ea has taken tetris and literally milked it dry and in the process destroyed everything even remotely redeeming about the original product.",1
"I like the game but I hate that I am now not able to change the theme, all the themes I unlocked don't appear. When I searched on Google about this it turns out lots of people have this issue.",3
where the hell did marathon mode go!?!?!,1
"Played this game for years, then they changed it so that you have to go through levels with a bunch of ads in between to unlock the regular Tetris mode. Immediate delete",1
ADs....just so many usually ads when i just wanna smash blocks.,1
why did you get rid of marathon mode where you can choose your level?????,1
level up graphic covering the middle of the screen has probably ended my runs like 10 times. all that needs to be said.,1
The game is good but there are too many ads.,3
"its great, just like original tetris, but more games in it",5
"I would buy it, but I don't understand what you get and if it's a one time payment vs subscription.",3
Ads are too long. but otherwise good.,4
it's good. it's entertaining. but it has way too many ads.,5
Classic,5
"Too many ads after ONE level, and they are highly invasive nor do they fit on-screen to close out properly. Get an emulator for your phone with your favorite Tetris instead. I played this app years ago and found it a good time waster, now it feels desperate for a dollar. You could spend less time on ONE AD, to google how to emulate Tetris on Android.. Based on other reviews they are aware, but give the same reply and make no changes. Disappointing, I really used to enjoy it :/",1
Malicious data collection app. Do not install,1
"Very fun and engaging challenge as each level progresses. I played this game at the Video Arcade along with the other popular games of the Era as a Teenager at Funsville USA! on State Road in Cuyahoga Falls, Ohio with my School friends every Friday Night for Several Years back in the Glorious 80s!",4
Have a go at this tetris. Challenge yourself.i know its very old app but the Best of the lot !!have fun👋,5
"Garbage App Full of Useless Fluff. This app represents everything that is wrong with modern mobile games from multiple currencies, too mamy menus, unskippable minigame ads, and more. don't waste your time this is dog poo",1
Scam security warning each time I played it mid way through a game it would open a internet window and show a fake android security scam.,1
"you win a level, AD! you loose a level, AD! too many ads",3
"What can you say apart from its Tetris———oh wait here's one. Get Rid Of The Ads!! (i know you need money, but still.)",4
new Tetris style. Just starting to get into it. See if it keeps my interest.,5
"way too many ads, and not clear or consice passing or closing the ads, very irritating",4
permanent ad removal plz 🙏,3
1. The battery heavily gets heated. 2. You can't play offline. 3. Though through the options you can change the sensitivity but it still caused unmanageable playground.,1
there are so many ads,2
Very addictive game.,4
"The ad content is just too much, I was tolerating it up to a certain point but after the second time it made me watch an unskippable ad BEFORE I could play I just deleted it.",2
Good game.,4
"why does Tetris require internet to play, what a joke",1
Requires an internet connection,1
kuchh aur bhi hota jaise deebo ke andar ka khali jagah me agar chala jata,4
"Broken game, full of ads. Every move triggers ads. just play other same kind of games.",1
not everyone likes Kalinka !!,1
excellent. tetris friends was a bit better,4
it wasn't like how I remembered it so it's stupid now,1
Down time killer,5
"Classic game, always fun, and good for soaking up a little time!",5
I love this game!! The fact that I can turn the pieces makes me happy!!!!,5
"The developer responded, the bug is now fixed. Review edited to 5 stars. Great game. Essence of old review: Some recent change has rendered the game unplayable....I'm stuck on a looping ad.",5
"If you like block games, this game is for you. Really easy to understand and is enjoyable. Hope you enjoy this game if you try it out. I recommend this game to you.",5
too many ads,2
it's sooooooo fun and addictive,5
One of my favorite games.,5
"Too many ads, a lot of them are also malicious",2
too many ads but game is nice,1
not working,1
the ads suck,5
so many cookies to deactivate cannot be bothered. why does tetris need to have so many trackers on my phone.,1
takes ages to load. ads are too long. nothing like proper Tetris,1
addicted,4
fun but it got boring,2
Ads too many,1
it's great 😃,5
"lags horribly, ads constantly, unnecessary additions, and memory usage. i just want basic tetris alone.",1
lovely nice,2
it used to be a great mobile version of tetris but now I cant even get into the game even after letting it load for 10+ minutes. game is unplayable. dont bother downloading,1
"After two rounds, the game paused for an ad break. The ad was for ""Kingshot"", a clone of the ""Royal Match"" BS. So I waited the 30 seconds for the ""skip the ad"" X to appear, skipped back to Tetris, closed it, and uninstalled it. WHENEVER I see ads for anything like ""Royal Match"", I boycott the app/game/merchant who took money from ""Royal Match"" and its (in-house, I'm sure..) clones. Sorry Tetris.. I loved you in the arcade.. and I'd pay you for a version with no ads & arcade buttons on screen..",1
too easy,1
It is a great puzzle game,2
"what is pretty strange about this app, is that when you play often it loads immediately, but if you don't play for a few days takes longer, if you skip a week it takes even longer to load, which makes sense if exporting none-game related data... but why?",2
should be less ads,4
"while playing the game sometimes it automatically opens a fake virus webpage on chrome prompting user to enter payment card details to remove the fake viruses, this game should be removed from playstore",1
game was great at first. now for some reason it just locks up all the time after rounds now I can't even open it,3
"it's good, just wish there were like, bosses",3
"I enjoy the classic tetris gameplay, but there are ads that you cannot dismiss and have to restart the app to play the next level, which gets annoying really fast.",3
I didnt sign up to play the ads more than I play your game,1
Too many ads. Not the original to play continually without interpretations,2
it's awesome,5
For the the most part a decent Tetris version. But there is no good reason why it needs to be connected to the internet at all times.,2
Uninstalled almost immediately. Within 2 games I got an inescapable ad that was fullscreen with no exit possible. Utter rubbish. Also it's 2025 and you want me to login with Facebook. Really?!,1
"Redirected me to a fake 'you have 3 viruses' webpage, not safe, not cool 🤟 also a pretty darn boring version.",1
"I love tetris. But this app is a joke. Takes forever to load and sometimes I have to restart the app 2 or 3 times. The Interface is good but not the best. I you're trying to play, just play in the offline mode by turning off your internet or wifi.",2
to many ads. where's the real Tetris.,1
too much add,3
"you get what you download it for, at the cost of the typical free mobile game bloat, alongside an incessant amount of ads. it is clear since the release of this edition of tetris that got worse with subsequent updates, where 4-5 years ago there was no ads, and just the marathon and battle royale modes. this now has ""levels"" which aren't really challenging and an absurd amount of adds, monetization, and whatever else.",2
would be better without ads,3
"My review goes from 5 to 1 star after the latest update. The first reason is just personal taste: I loved the simplicity of Tetris, and the addition of all these extra “silly things” (e.g.“Turkey season”) is just not for me. The second, and most important reason: after the update I played three times, and three times a fraudulent page popped up warning me about fake viruses, showing a 5-minute countdown to total disaster and a link to click “immediately” to avoid it. Disinstalled!",1
good,5
"the ads are not a problem for me. The game is far too easy. It's more like a mindless clicker game, there's no challenge at all. and I've got to level 7 thinking the next level must be harder... please let the next level be harder...",2
"requires internet. has currency for some reason? and... events? ... ads?! the ui is cluttered, messy, slow. i sideloaded the old version of this game from 2017, and it's much better. solves all my complaints.",1
Way too many ads that are way too difficult to cancel out of.,1
best ever,5
"Great game, just wayyyyyyy too many ads🙏🏾",3
"you can't even play offline anymore , every 5second there is a pop up telling you to reconnect to internet... the online game is full of ads ... I really liked the games , but I won't support a greedy company",1
Too many immersion breaking garbage ads,3
you are stuck with 1 min of ads for 1 level of game played. its ridiculous.,2
great game,5
? there was a tetris blitz and I can't on longer find it,1
ads that don't allow you to play,1
Ah Tetris. Childhood game time memories unlocked.,5
too many inescapable ads.,2
"Adds make this infuriating. U can't play offline so I can't even use it at work(no wifi) Getting an off brand because this just isn't tetris. edit: tried again, still need wifi, THERE IS NO REQSON TO NEED WIFI FOR TETRIS!!!!!!¡!!!",1
"offline mode is false advertising. Please don't just respond with ""we'll take your feedback into consideration"" and actually implement a positive change",1
"Frankly feels quite shallow in comparison to the old Tetris royale. The puzzle levels are okay, but the complete lack of multiplayer is a bit disappointing. The reward system is nice for those living in America, but it's pretty disappointing for anyone in NZ or Australia.",3
"block movement is robotic. pieces are hard to get where I want them and stop where I don't want them, blocking access to lower spaces",1
"PlayStudios has taken a beloved game and introduced a battlepass with cosmetics for your profile as if this was a competitive multiplayer game. As well as introducing a currency system for a shop that doesn't even sell in game content such as themes. Absolutely without a doubt the most disappointing version of this game to date, not to mentioning the ads and the repetitive level based mode which seems almost designed to give you just few enough moves to force ads to complete a level.",1
"I like the fact that it offers ""offline mode,"" but it refuses to play because of ""connection loss.""",1
"well, it's always cool of course. I'm just bad at it. and for the sake of knowledge, the song is actually called korobeiniki, not the Tetris theme technically. enjoy",5
Unskippable unmutable ads? Absolutely not.,1
seems to be an enjoyable and stress-free game.,5
it never worked it always crashed i had stable internet connection etcetc...,1
it's tetras,5
The ads are intrusive and make noise.,1
twenty four years playing! AWESOME,5
"Most recent update broke the game. The way points are obtained seems to have changed, making points-based levels a lot more difficult than they should be",3
"whys there a game in the middle of my ads🥴or alternatively - absolutely ad infested, after each level an ad, decent game but theres always ads",2
way too many ad's,2
ad after every level,2
Riddled with pestering ads for scam mobile games. What a disappointment.,1
"what tf is this, it takes a decade just to login n play , don't download it for those who have less patiant",1
I used to love this game until they changed the look of the puzzle pieces,1
good game but the temu adverts have ruined it. all the other ads can be crossed out.,2
the app recently had an update and it got worse. they no longer give points for doing the blocks which makes the levels away harder and isn't classic tetris. it also makes you use your power ups to beat levels which is just a way to make money. took away the option to watch an ad to continue the level as well. game has gotten way worse.,1
"The game has changed the point system, making it impossible to win without getting the extra 10 moves. It's very irritating",2
bring back the old interface,2
"why can't I play the game... it's say connection lost all the time, I've tried to uninstall and install again but it's still the same :(",4
Something wrong when I reached level 885.,3
"great game, too many ads.",4
சூப்பர்,2
Too easy and pretty boring. Uninstalled it.,1
"Nov 4th ~ got ad after 2 moves and again after one move, wrong way to treat player who gave you five stars once and now gave u 4 stars.",5
one of my all-time favorite video games...play it daily,2
"Did you know that Tetris has been proven to help people overcome trauma? It's true! Too bad this app is now so full of ads it's unplayable. It's not only not relaxing anymore, it's unplayable. I started it up after a seriously bad day, got blasted with ads.... then uninstalled it and PAID for a different relaxing puzzle game (Suika) instead. Very disappointing.",1
"im a long time player, im around level 3000 and i managed to look past the god awful updates like lowering the amount of ways to get tetris coins (not gold coins) and the stupid ways to aquire badges and profile tamplates through levels instead of just buying them (which was a lot better) and even the horrendous amount of ads, but this new update is something i cant. WHY CHANGE THE LOOK OF THE GAMEPLAY?! its ugly and i cant even play it anymore because its ruining my experience by being so uglyy",1
Way to much adds.! Will be looking at other games.,1
"Incredible slow to load or when a change to a new level, anoying publicity, dirty design. why can we have a classic an clean Tetris game?",1
"Way too many ads. Literally after every level. Not to mention, how long they are. One level takes maybe a minute and a half. Then they make you watch two ads, that are as long as the level itself. On top of that, some levels you literally cannot beat with the limited moves they allot you, forcing you to watch ads to get more moves. Classic mobile game app manipulation tactic, look it up!",1
"the game has a scam pop up ad that says that your phone has a virus, so I just deleted the app after this",1
Your greed ruined a great tetris game. Banner ads in marathon mode cause the game to lag. No point playing if you lose because constant lag.,1
this game is SUPER BAD,1
The ads are just unbearable! Just too many freaking ads!,1
bombarded with ads.. multiple times I've used my Tcoins for extra time and get forced to Google play for a app I don't want.. back out and the game reloads. lose my coins multiple times. paid for a month of ad free and still get screwed for my Tcoins.... I'm on level 1100. really not fair I paid for ad free and I still have to play Tetris between ads lose my coins and have to replay levels I needed one line to beat...thanks crooks,1
it stopped loading up,1
Great game but the formatting on the Samsung Zfold 4 is off. There are cut off icons making it difficult to navigate,4
best game ever created level 3k and sum change. hours of dedicated time pit into it keeps me sharp real brain food,5
it has ads that loop or don't have an x out button with no timers so you have to close out the game and restart,1
this ain't tetris. u get to play 10 seconds to clear a level and then have to watch a 2 to 3 minutes add. This is a shame to Tetris. and you still get ads even if you buy a pay version who knows how many times the last few years because they keep taking off the play store and bring back a new version just to make you buy it again.,1
Tetris exposed my 6 Yr old nephew to a dating app I clearly listed the age as 12 idek why he was shown this ad,3
Offline mode doesn't work alot of the times,2
why does Tetris need a battle pass premium currency and daily challenges. I understand wanting to modernize a classic but these anti consumer business practices with the constant stream of ads (offline or online) makes me not want to support this version.,3
"its a lot of fun but some of the ads don't have a close button, so I have to close and reopen the game which gets really frustrating",3
"too many ads. after a level, you get an ad for another tetris game",1
Ad-Free is not a permanent purchase and instead is $2-$4 depending on how it is purchased for only 30 days. This is trash.,1
It's fun but has an ad after every level even if you lose,2
fix the ads so that I can 'X' out of them! I am so sick of closing the app and re-opening it after every round because youre so desperate to have me download more games that are paying your ads.,2
"too many ads, doesn't work offline to make sure they force their ads",1
Way too many ads! Even on the menus! Makes the game unplayable. Uninstalled on the second day of installation.,1
when the adverts come you can't get rid of them and you are forced to the play store. Still the same 2 years later uninstalling it,3
sadece internetle oynanıyor ve deli gibi internet yiyor,1
"too much ads, most of them should be watched until the end, most of them do not have the close button or skip button so u have to restart the game all the time. Ads appear every after stage/challenge, tiring.",1
nice but the ads are too annoying,2
Ads are unbearable.,1
"no option to remove ads, only monthly fees to temporary suspend ads",1
the old ones are the best ones,5
too many ads,1
ads ruin every good game,2
"Offline mode broken... I've had this game for years and play every once in awhile. I always played the offline mode because I don't want to deal with ads and I just want to play the marathon mode. I even go as far as to turn off my wifi and data so there's no connection at all. It's always worked in the past, no issue. Tried to play today after not playing for awhile and now it doesn't work. every time I play, every 10 seconds (I counted) there's a popup on screen that says ""Trying to reconnect""",2
"Too many ads. Overly simplistic, not real Tetris.",1
too many ads just give me basic tetris,1
"add after every level, and if you leave your phone mid level you gotta do more ads.",2
"The ad experience in this game is absolutely infuriating and a major deterrent. ​Frequent Ads: An advertisement is forced upon the user after every single level, severely disrupting the flow of the game. ​Forced Interaction: Worse than the frequency is the nature of the ads. They require more than just watching; you are often forced to interact with a mini-game or animation. Tapping the screen before a specific prompt usually redirects you to the app store. You must wait a long time.",1
you should not need an Internet connection to play TETRIS,1
favorite game as a kid,5
unusable..game never loads.,1
Idk what happened but while I'm playing (without playing ads or anything) I get redirected to a screen in my web browser saying that I have a virus and I must proceed with it. and it's only playing this...,1
"I like the game even tho there's a lot of ads, however sometimes when playing it randomly clicks on an invisible ad that takes me to a very dodgy looking pop up site. it happens quite a lot and is concerning.",3
"a terrific, additive and mind game with hands and eye coordination. recommended.",5
Sooooo many ads,1
1 MILLION ADS,1
"I wish if there is an offline tetris. Little slower like old one. Also, There is no settings.",2
classic the best,5
"strategic, quick decision making....it's brain exercise.",5
"intrusive ads and the game is very clunky with it's menus, ironically worse than when EA Games used to license the game",2
"tetris with limited moves, that's some straight b.s. right there. just had to monetize it, uninstalled",1
In a prior review I complained that the game did not work on the Samsung Galaxy S23 Ultra. They have since fixed that issue. So they are back in my good books. 😁,3
Very entertaining. Am so thrilled playing this game. Splendid! I can't ask for more.,5
sent me to a malicious site claiming my device was infected. i just wanted to play Tetris. i reported.,1
ads ads ads. replaced the old Tetris that you could play offline. now 30 sec ads in between every game.,1
better touchscreen controls. same classic game. Love it! thank you!,5
Classic Tetris!!!!! Still like playing it!!! Great version! :),5
BRING BACK THE OLD TETRIS,1
I love the original Tetris and this one on my phone is comparably awesome!,5
"If only I can use the coins for something that benefits me it would be great, but they're only for people who live in the US or who can go there , sometimes there is a digital award but I can't pay coins for it unless I have a Facebook account !",4
awful ad ridden game. cant even play endless mode? i have to play small levels with ads after each game which are longdr than the games tbemselves. you cant even play offline. ridicilous for a tetris game,1
"After every single round of fun TETRIS, inescapable ads!!! WHY?! Played for 8 rounds? & I'm uninstalling now because I was here to play TETRIS, not the other bs games. BYE!",1
good game I'm,4
Loading for 7+ minutes. On moto g75 5g,1
+💯 nostalgia,5
insane amount of ads. just have to close and reopen the game all the time. what did I expect right.,1
as time goes on it still gets worse..the ads even force you to google play before stopping the ads...seriously what a joke,1
"This is probably my favorite game on my phone, but I would like if you could add a mode where its just endless.",4
job well done! simple! beautiful animations! beautiful music! how tetris should be played,5
"Fun, easy game. but the music drives me nuts",4
Too many ads. I was willing to pay to get rid of them but it's a $3 monthly subscription rather than a one time purchase. Completely unacceptable.,1
I've had this app on my phone for a long time but have watched it sadly decline in quality over that period. The long adverts are now so bad that I had to finally delete it. The pay to play nonsense is creeping into this game too. Time to say goodbye.,1
"Ads, Ads and more Ads",2
you know you want to play it just give it a try,5
too many ads,1
Classic game killed by ADs👎🏻👎🏻👎🏻👎🏻👎🏻,1
an ad after every level,2
best game,5
"I am giving this a one-star rating. If I was able to, I would give it a zero star rating. it is ridiculous that you have to come up with a name, and everyone already has that name you put in, the original tetris is 100 times better than this version",1
Too many ads.,1
ease and fun,5
good time pass 😁,4
Unplayably laggy at later stages - even worse when your data is on and ads play.,1
wanna watch 99 ads and play for 5 sec download this,1
Bring back tetris royale,1
I love Tetris but the ads are just too aggressive. Really long and designed to trick you into clicking. I'd sooner pay for the app. It's a shame because the game is fun. edit: Two years later. Still the same opinion.,2
"Ridiculous... adds on the half of the level, it doesn't matter if you wait to see the entire add and click close - it still will take you to a website or to install some other app. I understand that you need to make money but every 3 minutes it is too much.",1
it's Tetris & it's my favorite game. less is more. please keep it around.,5
Pretty good for a free game. less ads would be nice.,4
"Ever since the new update, I'm no longer able to claim the free daily rewards. It keeps stalling at the 2nd reward, which typically gives you loyalty points.",2
The loading page takes forever.I think I will delete it,1
it's so bad,1
"Deleting due to the ridiculous amount of abusive ads that will not let you mute them, not let you report them for being unable to mute them by deliberately placing the icon on the very edge of the screen, and will take you to Google play store to download the app before you can close them. The situation has gotten out of hand and any developers that put up with it can go f themselves, including you guys. I'm deleting your game from both my device's.",1
fun,4
outstanding,5
great day 😀,5
I like a more traditional way to play this game,3
the application does not load,1
filled with annoying ada,1
"tetris, but worse",4
Doesn't load and even if ot does there are also many ads. Isn't worth it when there are plenty of games that are similar with less ads and that actually load. Disappointed but not surprised. All things get bad when they get too big and Tetris got too big and now sucks,1
"Brave , updates And they still managed to preserve authentic experience.",5
"Just alright. Pushes pay to win currency, menus feel unresponsive, the main mode isn't just classic Tetris, idk if there is normal Tetris even. Using touch screens is worse in most ways than physical buttons, but gives a lot of control for dropping and rotating blocks at the last moment. You can't swap and store pieces and the order seems random so since you're starting with a bunch of blocks on the field you're dependant on luck rather than just skill",3
not good when the features to drop and rotate are confused as the blocks come down faster. Need a separate button grip dropping.,4
aye seems good like,5
nice game but too many ads,3
"Game is great, but over time more and more, and longer ads. It's becoming unplayable.",3
"playstudios us can expect a class action lawsuit soon! you have to watch an ad to play a game. the ads never end, and the only option is to push a button, taking you to the playstore to download the advertised game. doing this takes you out of the game app, forcing you to relog onto the game! result is you watch an ad with no promised reward!",1
"do not recommend, way too many ads.",1
addsssss,2
"Short levels with too many ads, can't even enjoy Tetris anymore. I'd rather use my desktop.",3
forced to play short timed games,2
ads suck,1
The moving controles are too sensitive making me make mistakes. Please fix!,1
Great games but lots of ads ruin it.,1
"was a 5 star but there's no more d pad for playing only swipe, they also got rid of multiplayer lowering It again to one star because when I played again the game glitched so much it was impossible to play swipes and taps don't always register and blocks will continue to fall without being moved at all in the later rounds of marathon this is a game killer and the glitches cap how far you can go. add back d pad and fix your game how the hell do you ruin such an old game by making it unplayable",1
reminds me of my childhood,5
great game bro.Tetris is a very fun game🙂🙂,5
terrible amount of ads and micro transactions. this is exactly how you destroy a 40 year old iconic game.,1
abysmal user experience. so many ads that force you to either close the app or open the play store listing for the advertised app offline mode doesnt work. I would be embarrassed to say I worked on this iteration of tetris. Just awful.,1
The ads used to be skippable after a few seconds but now it's impossible to close the ad to get back to my tetris game. It keeps forcing me into the playstore and I have to close it and relaunch the tetris game.,1
Manual drop down could be faster but still a fun game.,4
Great app!! Lots of fun!!,5
This is just an ad delivery service with some Tetris between ads. Don't bother with this app.,1
"Way too many ads, not at all like classic tetris but it is playable and enjoyable to a point.",3
"dumb, forced to play a demo of another game",2
app sucks too much ads while doing tetriz maraton,1
Ads are UNBEARABLE and designed so you have to close the same ad like 3 or 4 times after every game. greedy developers many other tetris apps without this level of advertising,1
"the ads don't go away. no box out, no waiting for the ad to time out don't work either. so tetris will be Uninstalled. i will never willing click on those ads. Just want them to go away so I dont waste my breaks or write these reviews.",2
Too slow for me,1
Great little fame but for some reason the widget on my phone doesn't work to open it up. So I have to uninstall and reinstall the fame every time I close it down. It's like ground hog day starting at the beginning everytime,1
"far too many ads, I'd honestly rather a paid and lite version of the app. Some of them are arguably unskippable. Made it to level 3000something before the game wigged out and reset my profile to square one, like literally creating a new screen name and everything. decided it wasn't worth it",1
OK raddy and animations new and the same 67,5
"good, but not what I wanted. I wanted classic tetris. no goals, no levels. Just do the blocks, see how long you can go. like on the old Gameboy.",3
"app gives you a pop up with a virus constantly. such a shame, game is a classic",1
keeps you thinking,4
why does it need an internet connection it's Tetris not a Battle Royale,1
"tbh a really good game to play, even though Tetris is an old game, being made in 1985, it still makes people locked in for like decades. Playing this game with a hotspot, just makes you even more locked in when you're on a trip. Tetris is way better than block blast in any way because of it being more of a challenge than block blast which is just placing blocks that just wait for your moves. I highly recommend this game if you have a hotspot in your phone",5
it feels so good,5
"It's full of ads, genuinely poor experience to use this app. All I wanted to do was play Tetris.",1
"littered with ads and unnecessary add ons. the only way to get rid of ads is with a 5 dollar subscription. i just want to play tetris, i will gladly pay a one time fee. i dont want this bloated ""tetris"" malarchy",1
"I was worried I was going to be able to play a marathon run, but it's nice that they have challenges for each level",5
"why do I need a wifi signal to play? needs an offline mode, and the controls are super clunky",1
good game to play,5
A lot of adds that are harder to get rid of but fun game,3
it's better now with the update!,5
iconic game,5
"Demasiados anuncios, demasiados pop-ups, demasiado moderno, no es accesible el modo infinito, (no se ni si hay)",2
Why's a game as famous as tetris have cheap adds after every round? Ridiculous.,1
food game 😁,5
"Game good, ads not",4
Paso más tiempo viendo anuncios que jugando.,1
This is SO NOT tetris. It's a garbage knockoff that doesn't even play the same way. And having ads pop up every couple of levels is just weak sauce,1
"could not wait any longer than 6 min for ad that was playing, I removed app. adds never ends, waited 6 min gave up deleted thus came",1
all good,5
love it,5
App LOCKS up during ads. It circles and never goes back to the game and you end up having to start all over. I updated app and it still does the same thing. Much more of this and I'll have to uninstall app.,2
the ads are just horrible. it's not just the ads but there is no way to exit the ads. I basically have to restart the app after every level.,1
forced adds are up longer than the game 0/5 stars,1
"all the advertisements that you insist on putting it on the game ruin your own gameplay loop making the game unplayable without being bombarded with advertisements every goddamn play, I understand it being a free game at all but if it means killing your gameplay loop then you clearly don't understand what games are",1
annoying adverts which you can't even click out of without going into Google play store. other than that gameplay is good,1
"this game doesn't deserve this treatment buggy app, requires connection sometimes refused to open offline mode, and well it is heavy and full of bloat, need ages to load and constantly pushing ads and microtransactions",1
exceeded expectations using mobile. works smoothly and it brings back old memories of the 90s.,5
i cannot open it. ive been playing for months now and this is the first time i cannot open it. pls address the problem. thanks,1
The ads truly ruin this game. win or lose you're going to have an ad after every single level. some of these ads don't eventually have an option to close the either.,2
"This app doesn't launch. Reinstalling is useless. Just a pop-up telling to reset the app. Even an offline mode requires resetting - guess what's next. Screw this app, I'm gone playing an old analog Tetris.",1
full of long commercials,1
I enjoy playing the game,5
shouldn't take 10 minutes to load...,1
way to many adds and they are to long. you have to do several things to remove them and carry on with your game.TOO MANY!!!!!!,1
fun and challenging,5
"Worst ads I've ever seen. The advertisers should sue for fraud, since they're designed to be impossible to dismiss until you've clicked on them. They also butchered the classic game.",1
meh. lots of ads. no variations. I miss sticky tetris.,3
im a loyal player from the very beginning!,5
"the adds and levels ruin it. devs should stop trying to overcomplicate things. I just wanted a simple ""classic"" tetris experience. The gameplay breaks this down into small chunks of challenges/levels that are just terrible, then interrupts those with adds for other games that are hard to skip past. The touch mechanics are the only redeeming quality. Porting over the original tetris with touch screen compatibility is all that's needed. This is like a direct to VHS sequel we wished never existed",1
"the game is awesome. I love the music, the sounds, the gameplay and everything.",5
I like it ♥️♥️♥️💖💖💖,5
"a classic, fun, mental exercising game",5
"every round youll be bombarded by the same ad over and over again. its fine to have ads but please have them in rotation. gave 3 stars because i like playing tetris, less 2 because of the ads.",3
"They ruined tetris somehow, they buried the game in modes and features that are completely irrelevant. The ads are annoying but if it was just plain Tetris with ads it would be fine.",1
Really nostalgic game,5
Nice game but are the adverts between EVERY SINGLE level really necessary?? Its excessive and makes people delete the game.,1
Unusable due to ads. Didn't find a way to avoid redirection/ad to some bus playstore game. Will be happy do uninstall the game.,1
it's amazing I love it but can they make a free play mode where there is no lvls but I will give it a 5 star,5
not tetris at all.,1
¹ star because THE LOADING IS TOO LONG JUST LIKE 30 HOURSSSSS!,1
Great game!,5
Unusable. Non-stop ads with questionable links & fake exits. Poor responsiveness & a smaller playing area. Terribly slow loading & huge data usage. Sad demise of a once great game!,1
Unplayable - the game crashes every time it shows an ad and needs to be restarted every time,1
FAR TOO MANY ADS! every other level is just excessive! Uninstalled at level 6 after 3 ads ruined the experience!,1
"too many ads , that's frustrating.",2
Ads ruined the whole game,1
"too many ads, then it glitched and couldn't get back in",2
"Doesn't work when the phone is in airplane mode even if you select ""Play offline""",1
"Hey, I paid money for not to see ads, so I've been enjoying it for 3 days. However, currently, this app is not working at all. Whenever I try to play, it says, ""Oops, something went wrong"" and not able to play. Aren't you going to fix it?",1
"too many annoying adds some portrait some landscape view which adds to the annoyance. scam alerts over and over again, now not even loading. about had enough a day ready to uninstall",1
"Excessive ads that disengages you from the game for several minutes. I dare to say you watch ads and play demos more than the actual time you spend playing Tetris. I had to uninstall the game because I keep getting the ""Oops something went wrong"" when opening the app and the ""Restart"" button loop. I'm sure it isn't my internet connection because I can play other games just fine. Reinstalling didn't work either. GG won't miss the game. Might as well just buy the classic monochromatic 1000 in one",1
too many commercials,2
classic fun!,5
Loved it until the dystopian Kristi Noem ads started. The ads for a game where you peek at women undressing are a close second for grossness. Couldn't get through to a person about the ads. Intentionally uninstalling because of these specific ads.,1
"no offline play. went to download this for a flight to have something to play, but when I went to open it on the flight, it refused without an internet connection. it's tetris. a game that's been around 40 years at least. what the hell?",1
"the ads seem permanent. I have no way to skip them, especially the game ads, even after paid the sample game I can't get rid of the ad to go back to tetris. I can maybe once a day. I deleted the game, which is very frustrating, because I love Tetris.",1
There's way to many ads and its like a puzzle to try to figure out how to get back to the game,2
A stupid amount of ads and pop-ups. just quitting a level and going to the main menu took a whole minute.,1
bruh.. you just had to sell to Meta.,3
do many ads,1
"I had too many expectations with the game, but it needs more improvisation.",3
Too many ads,3
I had stable internet yet cant even play the game.,1
I just want to play tetris but actually this is endless ads after every round and even when clicking through the menu I get more ads. Literally insane amount of ads.,1
used to like it but now I'm on boss level.. it's no longer relaxing mind numbing fun which is what i want.. can i go back please? or at least turn off the timer? otherwise I'll need to uninstall..😜😞,3
bring tetras blitz back please,1
horrible,1
"Every other game, a new game pops up and you can't go back. have to close it and recliner the tetris app",2
"game is mostly fine, it's picky when you try to swipe down to move pieces faster and will sometimes jerk them off to the side. more importantly however, if you play marathon mode you're subjected to fewer ads because there's fewer game breaks. except the ads you now get just randomly spawn with no warning and are the scummy ""you have viruses!!! you need to download our product to clean your phone!!!!"" type. absolutely not acceptable ad content.",1
"Fun but too many ads, even if paid! Stop being so greedy!",4
"stupid amount of adverts that cant be skipped for 30 seconds and warnings saying i have a virus,",1
"Do not download. Too many adds, Bug Detection alerts which could be a bug itself, there is not much fun in playing as everything is based on adverts, you finish a level - advert, you click on the screen too many times - advert, you hold on the screen for a second longer - advert. You fart and thers an advert, just not worth it.",1
these levels were perfect 🤩🤩,5
Game OG ✅️ 🤩 💯,4
All stars were removed because the game is unplayable. When you try to it plays an ad and that ad will always take you to the Play Store and when it does that the game refreshes and goes back to the main menu. I will be uninstalling this game. Maybe if offline mode still worked this problem could be worked around. Edit: nevemind it works now,3
takes forever to load.,1
Good Game but too much advert,5
Too much ads,1
the ads are literally unbearable can't even play offline,2
"this app has pop up scam ads that redirect you to your default browser and tells you you have a virus, not what I expected at all when I downloaded it..",1
"DISAPPOINTING. Used to be good, but now highly irritating. Ads in ""Boss Level"" won't close, meaning you have to purchase tokens in order to be able to finish the level and move on to the next.",1
"ads make you go to playstore before you can play again, dont download this game unless you like going to playstore every other round",1
Now I have a level (3513) which starts empty and you get 35 moves to clear 20 lines. That is mathematically not possible to do without watching further ads for extra moves. Stupid game design choice.,1
Cannot Close Ads.,1
. .,2
constant ads that won't go away without closing the app,1
The new update leaves the game with a lag.,2
nice,4
"this game is good and all but the insane greed makes it almost unplayable. when ever I try to go onto marathon mode it loads an add and when that add ends it automatically opens the play store, causing the game to close. this makes a loop that lasts forever and makes the game unplayable, and I can't even play the game offline. would not recommend👎 please make it playable offline there's no reason not to other then greed",1
"This is a personal favorite for me. This version of Tetris is excellent. They nailed it! The block manipulation is crisp, and just has a nice feel to it. If you like Tetris, I highly recommend this version.",5
I will always love Tetris I just wish this version was more like my old Gameboy and didn't have so many ads,5
🙂👍,5
so many ads you can't even play it,1
awesome!,5
"I wouldn't say it's bad. Just don't know if it may be worth it. I'm not saying that to be mean, I mean, maybe some people genuinely enjoy playing this. I won't judge. I'm just pretty bad at it, so maybe add more in the tutorial. Like, I understood, but kinda not at the same time. Also, reminds me of Block Blast for some reason.",4
Fun!,5
"Where Tetris® goes to die. Ever since the EA version was discontinued, I was looking for an alternative, but this will make you hate Tetris deeply. Literally flooded with the most horrible selection of spammy/virus ads, they will soon have you *begging* for the monthly ad-removal fee faster than you can say ""Clockwork Orange"", while having offensively unimaginative ""dailies"" and a gameplay that will once again remind you why gaming on a smartphone doesn't really work for joystick-centered games.",1
"Main gamemode is now a candy crush copy with linited moves to clear a certain amount of lines, ads appear every 5th tap in the main menu. Not a fan.",2
Out of the blue while plaging the game a page popups thats says my phone is infected and I should install an antivirus software in 5 mins the viruses will take over... I think this is illegal... Im surprised how playstore allows this game here...,2
It's Tetris,5
Too many adverts! Intrusive and putting me off. Also recently the game has been taking too long to start! Remove some adverts and improve loading times or I will uninstall and express others to as well! Your choice!,1
you will literally hit a point where the game will only give you pieces that you specifically don't need. and the slide and drop mechanics are buggy. unplayable.,1
"I'm at game 2824. Starts with empty board. I have 35 moves to complete 20 lines, which is impossible: every move contains 4 small squares so 35 moves would occupy 140 squares. but each line requires 10 squares across, or 200 total squares minimum if aligned perfectly. so it's setup so the player cannot possibly win in the number of moves listed. What kind of challenge or fun is that?",2
add control customisation plz its optimization so bad its lagging fix that plz,3
"if you can handle an ad after every level, and then also handle it when ads glitch and you have to restart the app several times, then go ahead and download it",3
no free play mode available,1
the ads don't go away. you're just stuck with ads until you reopen the app. I dont wanna work through levels where the goal is to clear 5 floors. just let me play tetris. tetris used to have a reputation it stood for something we could believe in. they have dropped the ball and its now just an ad bonanza money grab. for shame tetris. I now hate you after years of loving you.,1
Ads suck. This game is eh not going to pay for ads to go away I'll just delete the game and play it for free on some other device. **Update** still has annoying ads that don't even let you even get in a game without getting an ad 😒 other than that it's a very good game and game modes.,1
"never loaded, not sure why they made this into an app just to bog it down so much it doesn't even turn on. TRASH",1
the latest version of this game is broken... whenever a level is completed you get stuck in an add that will not close.,1
fun game,3
"Ads this difficult to exit out of should be illegal. The ads try to get you to interact and there is no exit button that appears, even if you wait or interact. Sometime pressing back on your phone works, sometimes not. I played this game for 15 minutes and I was rerouted to the Google Play Store to download a game because of an ad that wouldn't let me easily leave, 5 times, then I have to press back on my phone to grt back to the app. This game belongs in Idocracy the film.",1
cool I liked it,5
tetris is tetris,5
constant ads!!,3
"Terrible, everytime you finish a game there's an add and no way tomclose it, you have to click on it and go to google play and then start Tetris again. TERRIBLE, annoying last time I play",1
"the app is good. I liked it, however because of annoying ads, I am deleting this app.. thanks",4
i wanted to play this game since I kinda missed this but what a let down the loading time is really really long and isn't it supposed to be an offline game so why does it keep asking me for internet,1
"it's a teris label smacked on to straight garbage. sure it's fun, but to call it tetris when you won't even give players the option to play THE ORIGNAL MODE is trash. the ads make you go straight to the play store and then back to the game. it's not real tetris if your forcing players to play everything but the original style. won't be playing long.",2
The Tetris app is way too commercial focused and premium option to make it ad free annually will be handy. It is good there is now a marathon (classic) option,2
"Dark marketing use. This is another nice game ruined by deceptive and shady marketing. The ""x""on ads will link you straight to the pay store. Ad removal is a ""non-subcription"" temporary ad blocker. But even after paying 2.99 USD, don't expect special treatment no. They'll still try to convince you to watch a 30 second unskippable ad for a ""free gift"" or to ""continue playing"". I understand these practices have become more normalized with mobile games, but I will not expect this level.",1
Too many ADs otherwise it would be Great!👍,3
it wonderful game I luv it,4
classic. thankz!,5
"Level 602, you are given 35 moves to make 20 lines on a completely empty board. it cant be done, im left with 8 lines and have 20 squares (2 lines worth of blocks) on the board. Dont get me stared on the ads - fail a level, ad - pass a level, ad - tap the wrong spot, ad. 1 out of 5.",1
Ok.,5
the ads are so excessive I won't pay anymore. one of my favorite games ruined by the longest ads I've ever seen.,1
The game forces you to click on ads before you can move onto the next level. There's no way to click an X to close it out. Pretty sure this is a lawsuit waiting to happen.,3
good for them to a mobile app when people loved the game back in the old years,5
"wow, I didn't want to believe the 1 star reviews, but the malware and ads are so bad!",1
playing games to x out ads is diabolical but its tetris so 3 stars,3
hate the fact of advent that I cant skip,4
so many pop ups. opens up internet tabs with spam and virus threats,1
ads. literally after every other level there's an ad. and you can't just skip. it takes you to the play store.,1
Forced ads,1
"After every 3 levels, there's an inescapable ad. one of several playable ads starts, and there's absolutely no way to escape without closing and reopening the game. all of the buttons lead to the play store where you are invited to download the advertised game. I've also had this issue in other theoretically offline games. it happens when when I'm in airplane mode. this feels buggy. why don't they want me to keep playing Tetris?",3
очень неудобно играть,1
Too many ads. Can't even enjoy the game..,1
game is not opening,1
"one of the oldest, most classic games requires internet to play. Gotta milk maximum adds",1
Game itself is fun. Forcefully interactive advertising after EVERY SINGLE LEVEL PASS OR FAIL is unacceptable however.,2
"I only downloaded this version because it had an ""offline"" mode, as I didn't want to be bogged down with unskippable ads. offline mode did not work. I can hardly even get through a level before the ads and straight gameplay blackout or brick my phone. Tetris used to be the go-to game, but I've lost my will to keep trying this version.",1
not what I expected 😞,1
"Don't download this. It plays ads, YOU CANT ""X"" out, you can only go to GOOGLE PLAY to download the whatever - AND YOU NEVER GET TO PLAY THE GAME. ITS AN AD-TRAP. If you'd just manage the ads RESPONSIBLY, sans entrapment to the play store, you'd get 5 stars. It's right there in front of you , just fix it.",1
what happened to the real tetris?,1
immediately detected spyware and phishing after 2 mins of play,1
"very broken, couldn't quit level after 3 attempts",1
traditional fun!!!!!,5
love the game just the ads driving me crazy,5
The MOST annoying ADS!,1
"The Offline tag on this app is misleading. I tried opening the app with airplane mode turned on, and it didn't allow me to progress past the loading screen",1
"sometimes the app won't start and gets stuck in the loading screen, I need to uninstall and reinstall to make it work again",2
adds,1
"this is not tetris at all, this is a monstrosity",2
plays an ad after every game and then has to reload the app to play another level. Game play is really slow.,2
there's an ad I've been getting for weeks on this game that automatically opens a scam website that says you have a virus,1
Requires you to have an Internet connection while playing so they can harvest your data and cram more ads down your throat. Immediate uninstall when I realized that.,1
does the layout need to be disjointed for a game that really appeals to people who have OCD?,4
the ads are constant and can't be skipped. One played some music that sounded like it would be played in my own personal hell. the game itself is awesome.,2
Good game but so many ads 🙄,4
boo force ads after the very first game > leave bad review > uninstall,1
too many ads,3
keren,5
no abre,1
"ive had no luck playing this lately, all i have are unskippable ads that no matter what i cant progress on with and endlessly bring me to the playstore. just makes me sad.",1
I fun and I like it,5
My most favorite game in the world!,5
"horrible, don't bother",1
why does it loading for too damn long? and why is it always loading?,1
"Not sure what happened to this app after I upgraded my phone, but this version isn't fun.",2
"way too many adds, do you want people to play the game or just look at adds?",1
what on earth have you done to this once 5 star game? the 30-second and 40-second games are pointless. I spend 3 minutes watching adverts on a 30-second round. It's ridiculous. I might have to delete it. please get rid of them.,2
"The level of greed they have to put full screen unskippable ads on the original tetris game, unbelievable! zero _____ given for user experience.",1
"The swipe controls are AWFUL and will start eating inputs as soon as level 10, why would you remove button controls?",2
advertisements steal audio focus from whatever is playing. I will never pay for an app that allows this.,1
id like less intrusive ads.,4
Tetris is better because it's the og game but it's layers.,4
ads suck,2
Too many ads,2
way too many ads. Just want to play tetris. don't want to do mini-missions playing for 30 seconds and stopping to watch more ads to play 30 seconds longer.,1
The ads are back to horrible. Timers with ads now? I would pay for no ads FYI.,2
TOO MANY ADS ITS RIDICULOUS,1
I just want basic tetris with no ads and bs. why is that so hard?! these ads are brutal and make you go to the app store to clear them.,2
too many ads,1
I love Tetris but there shouldn't be so many adds I'm lit deleting it,1
Installed but wouldn't start for me. Just got the endless small moving tetris block white graphic on a black background.,1
"I loved this game when I tried it, however, it's so ungodly laggy that it's extremely hard to play. I can hardly steer or place blocks correctly because it's going at 3 FPS constantly. I would love to keep playing if it wasn't so laggy, but unfortunately I had to uninstall it.",2
super bad because of music and dumb block blast 1000000x better no lie just don't download because it's annoying the music and there are so many ads 1 star and it's a waste of time,1
the ads are unbearable and clearly a scam,1
love the game. the ads volume can get intense,4
"I love tetris, and I would pay for an official app that didn't have so many frickin ads. the worst thing about this ""official"" version is that it's nothing more than an ad farm with deliberate blocks thrown at you to mess you up, to lose all the moves so you'll either have to watch an ad to continue or pay the coins youve earned. im ""high"" up in levels, around 300.",2
They finally brought back classic Tetris! 🙏🏽 But I wish they would make marathon mode the main mode instead of the boring and simple leveled mini games. I think the levels are an excuse to shovel out more ads. I HATE the ones that make you open the app store to continue the game. Some open a browser without you even clicking on them.,1
"way too many add, its disgusting",1
"""OOPS Something went wrong"" Over and over and over... it worked earlier today and there have been no developer updates since June 5 - maybe their server is down? May 28 2024 update: Now the app keeps saying my phone's offline. Un/reinstalled, updated to latest version, 2 YO Samsung A32… there's no logical reason for this that I can ascertain. Edit: do the rules change when you hit a certain score? it's like a different game now!",1
"Ads every level, that last longer than the actual level, make it unplayable",1
"The app repeatedly displays no new levels available. The developers keep changing the rewards tiers, altering avatar rewards and in-game points rewards. Currently, the seasonal event is unplayable. Event points can't be accumulated because games aren't playable. Specialty games are limited, and the event points are not earnable when playing all versions of the game. The levels are never updated. The AI help chat always says the problem will be addressed in 72 hours. They don't fix the problems.",1
never got to actually play anything it keeps on loading and loading waited a whole 30 minutes and nothing happened,1
ads,1
requires internet,1
it has some ads but overall the game is fun,5
I look for games that are completely ad free. This game starts off that way and then gives you no choice to progress unless you daily play a game that requires more ads than there is game time. I uninstalled the game once already. When it reaches the BOSS game again I will uninstall it permanently. Hopefully you get this message and remove the mandatory BOSS games.,2
great game for brain stimulation,5
More ads than Game,2
Love all the different versions. The ads aren't THAT bad. Great game.,5
"not good, so many ads and rng gameplay",1
"Many ads won't let you continue the game and blocks your progress, especially Tema ads.",1
"Would like a simple Tetris app, without the other stuff.",1
too many ads,4
"The app is now broken, can't get it started. I was also led to believe it was tied into My Vip and WTOS but got no points from playing.",2
"terrible app, the adverts just take you to google play so every time you clear a level you have to restart the app, its a massive pain",1
It's cluttered with so much extra stuff I don't care about... I just want to play classic marathon tetris. :),4
"Whenever I play a game on my tablet I turn off the internet to avoid being advertised at (it is annoying and distracting). I cannot even start this game without an internet connection. Immediate uninstall. I do not care about stats, I just want to play.",1
"terrible since the last update where they've taken away most of the rewards, and put up boards you can't mathematically beat without either watching videos or using extra points",1
it's a good game for you,5
It's a good game that can help you go through long flights or road trips.,5
Super fun!,5
game is fine but with no option to get rid of ads permanently - and only for 30 days at a time it's absolutely not worth it,2
would be good if it didn't force you to click an ad bringing you to the playstore every time so they can get laid while we get tagged....... fk outta here,1
Game is great. A lot of ads though. But the ads are fun to play too for what it's worth.,3
way too many ads and no way to exit them without closing the app and reopening it.,3
"Nice game but it came infected with malware which randomly opens a web page with a fake warning that I'm infected with viruses. I thought this stuff was tested?? Edit: Hey Tetris, can you tell me how much cash you donate for my 5000pts worth of Texas Flood Relief donation? Thank you!",3
The controls are way too sensitive. It screws up the whole game.,2
"what special need for connectivity , stooopid dev",1
"Bom puzzle conhecido por todos, mas a jogatina é deteriorada pelo excesso de propagandas. Além do banner que existe abaixo do tabuleiro do game, o desenvolvedor te obriga a assistir um anúncio comercial, em vídeo, a cada partida jogada, com tempo mínimo a ser assistido antes de poder voltar para o game, o que torna a experiência em algo extremamente insatisfatório. Enfim, para quem aprecia esse tipo de jogo recomendo que busquem alternativas.",1
doesn't open anymore. I updated and now keeps saying have to restart,1
would be better without highly disruptive invasive ads.,4
"Ridiculous ads, ad free is $3 A MONTH",1
This was fun even with ads up until the point where my phone was hijacked and the screen locked and could not back out due to an ad.,1
I love playing tetris but the game wont load for me. I have a con.ection but its stuck on the black screen with the white changing tetris shape?,1
I wish the game supported external/physical controller... I'll uninstall it for now. I'll be back if the game finally have it.,3
nothing but ads. I understand you need to make money but when I can't even play the game because of the nonstop ads that force you into the play store than what's the point.,1
fun game play but some of the longest and most difficult to navigate ads I've ever seen. ultimately unplayable because of the ads,2
Terrible to see what Tetris has become on mobile. How did Henk and Alexi allow this abomination to exist? It's sole purpose is to push terrible ads at you. Shame as it controls quite well.,1
"Cannot keep high score when upgrading phone, so have to start again. After installing, I realise that the scoring structure has changed and you earn little to no points per level completion. App is fine, but I don't like the changes that have been brought in.",2
"I'm not really loving the way it is now, so an option in the settings to have it be the classic, endless tetris from years ago would be nice. until then, I'll just be playing other games.",2
"Decent game, loads of ads that you can't close without closing the game. Not sure how long I will put up with it.",3
Great game,5
"Love just playing solo. Controls are decent, however I don't like having to lift my finger to flick down, possible to just flick down without having to lift off the screen first? edit: at some point they updated this and then added you can save your marathon and resume later???? 5 stars",5
Forces to play other games between levels. Too many clicks to find your way out and back to the game. Ridiculous so uninstalled it.,1
Awesome game !,5
The ads ruin the experience. Every objective completion is met with an ad that's often difficult to just close. I had to remove it same-day,1
Lots of ads,3
Fun while it lasted. This game is CLEARLY designed to make you watch ads and/or buy coins. I've made it past level 2800 and I've finally reached a level that cannot be one without watching ads. See ya...,1
"Very annoying ads. On some ads there is no close button but ""go to Google play"" and the one there is a close button, you have to close 3 times 1 ad.",1
This version of bejeweled is the best!,5
"too few game modes, too many ads, and no offline mode. sadly it's the only tetris game on this storefront but even then it's not worth it. a classic severely held back by anti consumer nonsense",1
bad,1
"I play mobile games while I ride the NYC Subway, and my commute is primarily UNDERGROUND.....why does this app require a wireless connection after installation?! 👎👎",1
"game is amazing, the ads kill me. finish anything watch an ad. its easier to close the hole game and re open it.",1
Ads are soooooo annoying!!!🤬,5
keeps crashing after every level since recent update,3
its good but way to many ads its could be 2 mins of ads just for 1 game of tetris which is a shame,2
So much better than Block Blasters,5
"the ads are awful. don't bother, you'll spend more time waiting on the ads than actually playing the game",1
fun game. too much ads. uninstalled.,1
The game makes you think.This game keeps you on your toes.,5
"Pop up ""install me"" ads that you can't get rid of caused me to uninstall this. Lord I miss my Atari days...",2
"cant play without internet connection. its a stolen game from the 80s, come on.",1
"way too many ads, and forces you to use Facebook to save your progress. uninstalled and moved on.",1
"I love Tetris. But hate their vip rewards section is garbage. Plus, the vip rewards are unclear.",1
"i used to love playing tetris, i was on like level 800. i redownloaded it and it wanted me to login to fb (not sure if I had to do that before) and none of my info saved :( what's the point of giving them my info if they don't wanna save it.",2
"The ads... so many ads... I love Tetris but there's way too many ads. Also I'm noticing if you can't get past a level, no matter how hard you try, you have to redo the level about 5 times (and thus watch 5 ads!) before you miraculously pass it. Seems sketchy to me. You also auto-open the Play Store when you click an ad away, it absolutely blows my mind that apps are allowed to open the Play Store for you?!",2
"I've had this game downloaded for a while now but recently some of the ads now don't have a skip button and only a button to take you to the play store. I like Tetris it's fun but if I have to close the game and reopen it because It's impossible to get passed an ad I'm going to uninstall because I might get multiple unskippable ads consecutively, a terrible experience in my opinion. I'm not paying for an ad free experience monthly. games have truly died.",2
"a little hard to manipulate, too touchy.😀",4
"The June 6 update ruined the art style. It's painful on the eyes to have bright flashes of color on a dark background. The crooked layout is annoying and it looked much better before. There should be an option to revert the art style. Also, level 3935 is mathematically impossible to clear.",1
download for trauma issues. not for ads.,1
its good. its tetris. I wish you could control more accurately the block fall speed but not a biggie. but there are way too many ads.,3
"Possible scam/virus threat!! There is some sort of scam pop up that always comes up when I try to play. It's a typical ""your phone has a virus"" scam that pops up in the middle of the game and takes you to your browser (chrome for me). This doesn't occur in any other app that I use, only Tetris. Something needs to be done about this, this is not safe, especially for someone who is impressionable and might ruin their phone or have their data stolen.",1
Add experience is bad. to many pushes to spend money.,1
"What happened to the Tetris I love?? 1. Way too many ads 2. Delayed input in general is a problem. On higher levels means I constantly have problems putting blocks in place in time. 3. Text blocks incoming block, making it hard to see when the next block is starting to come down (move text to the side) 4. Layout when you log in is confusing. people play tetris for marathon, not random missions (switch) 5. Sometimes, when doing swipe down, the block moves to the left/right (wrong place).",2
Awesome 👌 ...apart from the adverts!,5
"the app freezes a lot and heats up the phone. win/ fail a level screen blacks out, ads keeps freezing leading to screen going black/ freezing. have to restart the game a lot.",2
Ads,1
"I thought this is offline?? Checking description it says ""Offline"" what happened? 😭",3
the ads are the worst!,1
"Terrible touch controls. Way too many ads. Ads show up in the middle of gameplay, usually ends up opening a random tab on my internet browser. Terrible game overall.",1
"I play tetris because it is very effective for managing my PTSD symptoms. It's clinically proven to soothe trauma responses. But every time I open the app I feel so stressed & frustrated by the overwhelming barrage of coin animations, rewards, power ups... The main page is so cluttered! Marathon mode and quick play mode are buried in the tiny ""more tetris"" menu that you cant even click on until after the animations are done. This app used to be simple. the ads make it crash too",1
so far it has been an enjoyable game,5
loyalty benefits have been reduced significantly. not so great.,1
"You win a game? 5 minute unskippable ad. You lose a game? 5 minute unskippable ad. Ads are gross and invasive. Oh and on top of that, you can only remove ads for 30 days, that's actually pathetic. Shameful developers.",1
in game ads are too much,1
"ugly controls and all, very boring",1
five stars,5
funni kyubs,5
They change this game every couple years. it's still filled with ads and is terrible. has less features than every tetris game before it. How the hell are they managing to make me miss the EA licensed one?,1
WILL NOT DOWNLOAD ALL THE WAY. I HIT SIGN IN AS GUEST AND IT GOES NO FARTHER!!,1
Have to sign into a Facebook account or play as a guest. Nope. Bye.,1
no offline gaming possible,2
too many annoying adds.,4
"Amazing game, too many damn ads and microtransactions though. Without an internet connection you don't get ads, but it appears that offline mode has been completely removed and you can no longer play the original game.",1
Id probably give it 5 stars but I can't even play. it is just stuck on the black loading screen.,2
"EDITED: This game has become awful. They cut the rewards WAY down. The reward for winning a race used to be 750. Now they made it 75! And the other rewards are cut way back, the price to continue went up, and now you are forced to play boss rounds instead of having a choice. I don't know if you guys are just trying to make more money or what, but this isn't a good way to do it. I don't even feel like playing anymore. Will definitely not be giving them my money.",2
"far too many ads. ads on screen while you play, and ads after each level. sometimes you spend 60 seconds playing a level, then have to sit through 60 seconds of advert. touchscreen controls are woefully inaccurate, making it hard to play the game at higher speeds, or with the precision of physical buttons, and there's no slow drop like in other versions of Tetris, only fast drops, which greatly limits what you can do gameplay-wise.",2
after level 20 they wanted money uninstalled it,1
need more ads,1
I dislike how difficult it is to get out of the ads.,3
"On Android device,need Bluetooth mouse support for the game play, like flip the blocks, move them left and right, quick drop, just like play it on PC, via BlueStacks, thanks.",3
"the ads are so terrible and intrusive, every time I get an ad it drains my battery and I can't exit the ad without closing the app entirely. the game has been so corporatized it's insane, the sound effects and music are terrible, there's nothing redeemable about the game. don't download it.",1
ok game but the ads. oh my God the ads are soooo long and so many. some taking over 5 to 10 minutes to get rid off with no close button visible. you have to close the game and restart it again. like that buses boring game ad there is no way to close it. it's fair for a free game to have 30 second to 1 minute ads occasionally but not so often and soooo long. I like tetris but eventually I get frustrated and close the game,1
I hate ads,2
Adds are annoying,4
It works completely fine but the fact I need to pay monthly for no adds is a huge turn off,3
turning off sound effects / music in the settings doesn't actually turn them off. ads require you to go to the store page before allowing you to close them out.,1
"love tetris, favorite game. Would give it a 5 but the ads are overwhelming.",4
"game itself is your typical tetris.... with ads. The rewards are a joke. you can only redeem if you have a Facebook account. If you're solely playing for the fun of tetris, save yourself countless ads and get an offline version without. If you are looking to get points for rewards, well, I hope you're sad enough to have Facebook as well.",1
geezeeyyy cool,5
way too many ad breaks to enjoy the game I used to love. Downloaded and uninstalled within an hour or less.,1
"I love this game, but, my issues with it is i want endless mode too not just levels. And can you make it so you can change to different control options like, arrow keys or swipe? because i prefer arrow keys. Please and thank you kind regards, Collin kristensen.",4
"This is the third Tetris game by PLAYSTUDIOS US that's failed to load on my Chromebook. I think PLAYSTUDIOS US sucks. They can't even make Tetris games for Android that run on Chromebooks running ChromeOS. This game dates back to 1984 but I guess the real problem is getting it to RUN on MODERN, ESTABLISHED operating systems. PLAYSTUDIOS US is GARBAGE, just like their timewasting, nonfunctional ""games"".",1
fun but too many ads,2
"The gameplay and controls were great, but I hit a wall after a few levels where I was given an interactive game ad and the only options to proceed was to apparently to install the game from the ad. A big download button appeared that kept taking me to the Play Store, but every time I canceled out and went back to the game, it was just stuck on the download button. There was no option to close the ad and return to the actual game I was trying to play.",2
this game is nostalgia block game good developer good game😊😊😊😊😊👍👍👍👍,5
"worst tetris game ive ever played. Boring, single mode of play, im an original metric lover. I even enjoyed the metric game with the little archeologist on Playstation. but this game is ridiculously overwhelmed with ads, and lacks the fun of the original games.",1
"When's the game? I want to play, but there's too many adds. too many pop ups. to many cuts. I can't play the game. This butchers what Tetris was. the bar was set so low, how did you manage to screw it up?",1
Very fun game 🎮 😄,5
"Controls feel heavy and uncomfortable with no way to customize them beyond sensitivity. Soft and hard drop are both done by swiping down, but I would prefer if hard drop was done by swiping up since there's already a ""hold"" button. It's incredibly frustrating.",2
tetris™ is my favorite classic keep building on tetris!🥳,2
"I've had this app for a while and come back to it to relieve stress. Now the ads are ridiculous, you have to open them in the Play store in order to close them. And there are now ads after each round. I feel more stressed and will look for something else.",1
full of ads,1
"level 90 is broken. no blocks are coming down. come on, tetris, this is one of the oldest games out there. surely you can make a game that at least works, considering all of the ads you're forcing players to watch in order to play your game.",1
I would like an endless mode,3
stupidity,3
"thanks for ruining tetris! unskippable loooong ads with no option to even pay not to see them, don't waste ur time",1
"love the game, hate the ads. I would pay to not have ads",3
"> 2024, absolute trash game. ridiculous ads, removed royale and 3 min. Who the heck wants levels. (probs shorter games = more ads). Dont play this game, get techmino 2023:Love this game, however, multiple times i have above 50 mill in marathon, and lost the game due to accidentally tapping new game, (and my phone running out of battery). Pleeease add a warning when you press new game when you have an already ongoimg marathon game. or autosave",1
"I absolutely love playing Tetris and I really enjoyed the original game. However, this isn't the original. The levels are okay, marathon is my favorite game mode. The biggest drawback imo is not being able to play without wifi and the amount of ads that play after every game. It feels very cash-grab-y, which can be frustrating when I really just want to play a game of Tetris.",4
"Somehow it got worse, looks like a flash game from 2008 and there are no control options",1
I love this game,5
ads are terrible,2
after update won't open,1
"It's not that the app relies on ads, it's that the ads are predatory fake games, don't offer a way to close after the timer is up, and often force you to open the app store. You're dealing with the ads more than the game. Get better advertising partners and sponsors.",2
"Kevin Hart. I like Kevin Hart. Kevin Hart makes me laugh. I would like to play Tetris without Kevin Hart telling me to use Draft Kings every 10 minutes. I use Fan Duel... I like Fan Duel. The game of Tetris here, 5/5. The amount of Kevin Hart you have to watch, 1/1. That makes the score a 3 yo. I tried to buy a premium version without Kevin Hart, there is no such option. To fully appreciate this game you need to love Tetris, and have an unhealthy obsession with Kevin Hart.",3
"it's okay, I just prefer normal Tetris, and can you please fix the offline mode It just doesn't work for me, thank you",3
so many ads and levels in Tetris are boring,2
way too many ads. every ad forces the play store open.,1
👍,4
too many ads. also freezes a lot.,1
"Ads completely ruin the experience of this app. Load-ins during gameplay cause stutters and hitches, post-round ads are intrusive and interrupting; there's no easy way to play traditional tetris, MTX, currencies and engagement tactics cause this game to embody everything bad about modern gaming.",1
"so far I am having fun, nice game!",5
"frequent ads that you can't exit out of, it keeps taking you to the app store and forcing you out of the game. very obnoxious",1
"annoying ads, and app glitches. Otherwise very fun and classic game with modern updates.",3
awesome game and very fun but my goodness those ads really kill the vibe and fun. I wouldn't mind paying a one time fee to remove the ads but they got you having to pay monthly which Is bogus. fun game but that's it,2
THIS IS GREAT!!!,5
wow you play by cool stuff,5
"When will they put in controls with buttons and less advertising, it's horrible",1
Bread,3
too many ads,1
"Almost unplayable with the spam/security vulnerabilities within the app injected via the advertising. Could have been a great game, ruined by poorly implemented advertising.",1
"Too many adverts, you can not enjoy this game.",1
ad-full experience. semi-hostagelike,2
"Reasonably well made but the ads are extremely intrusive, sometimes full screen blocking and can only be removed for 30 days at a time (for three bucks lol). Adios.",1
good but lots of adds and not super good and hard so so,3
because of the ads you can't enjoy the game 🙄!!!!,2
"i don't like it as good as I thought it was , I don't like it",1
You can't play beyond 3 levels unless you pay. The game is not without ads to justify that. The interface is not seamless enough to justify that. Uninstalled.,1
Great app I like it,5
"I really like it,I really enjoy playing marathon. but I don't like the game effects that keep popping up on my screen during marathon play sessions. If you can fix this, I'd really appreciate it.",5
Tetris without timers and speed up (as far as I have gone),5
game is good ads are so bad you have to restart the app every 2 levels cause there isn't away to get by the ads,2
Just too many commercials My reward for winning is a commercial,1
"Paying to turn off ads is a subscription service, and even that's for some reason gated behind playing through two levels of their ridiculous ""puzzle mode"".",1
won't run. doesn't work.,1
"Block come from sky, fit in gap like hand in glove very good",5
too many commercials,2
"awesome, really fun to play",4
"Lame. After level 15, expect an annoying ad after every single game. i just installed a few hours ago and now will uninstall.",1
slow and clunky. why does tetris even need to be online??,1
why tf does this app need 1GB storage for user data? It's too much and also slightly suspicious.,2
this app has more ads than it has game. after every single level you get an ad. the store within the game doesn't even try to be a gacha game it just straight up asks for money for things and events. youre better off getting an old nes rom than this,2
"Would give a lower rating if possible, bombarded with ads. Requires an online connection to play ew",1
your game glitches out every 3 levels and completely shuts the game down 👎🏼👎🏼👎🏼👎🏼👎🏼 I'm uninstalling,1
it's ok but if you're looking for tetris this isn't it the name is super misleading,2
love this game ... TETRIS !!!,5
not me,1
great!,5
every level is easy. takes longer to clear TWO LONG ADS each round than to clear the round. worst ad game ever. they could make it challenging and still feed 200 ADS per hour. and why no actual Tetris mode??? this is just using a trademark and not delivering the thing. total bs,2
"ads, lots of them, & very long ads at that. avoid",1
Gets old after a day but good ole gsme how about changing the shapes,4
too many ads,2
"the controls are 🗑️. the apps wouldn't let me continue playing. deleting it forever, good riddance. don't waste your time with this",1
keep up the amazing work,5
too many ads,2
The controls are wack. I tap the screen and if there's a slight swipe in my tap the blocks slam into places I don't want. The ads are INCREDIBLY intrusive and CONSTANT. The fact I have to play online as well and cant play offline is insane.,1
i love you,5
The ad's are too much. Every 2 seconds it's ad's,1
it would be a lot better if it had less ads.,3
"Tetris if it was bad, had so a many ads, had limited customizability, had boring missions, had little content (and the little content needed you to play through countless boring missions to unlock), mined your data for money, and encouraged gambling. Blatant nostalgia bait. Just get RetroArch and emulate Tetris games.",1
"so boring. all levels are essentially the same, they may appear different, but all are equally easy, repetitive. They never become more challenging. It feels like the game is a front for the extensive ads after every level.",2
great game an fun game to play,5
For too many ads. Each level they're is another add and you cannot close it. hands to force close and re open app.,1
"It needs Internet to load, so far so good. But when I connect my phone to the Internet, the game just keeps processing and never starts. It only wastes my time and my data.",1
it's really good 👍,5
it is online game,2
"Too many adds and no real tetris. I wanted to play this game to help me go through anxiety and panic attacks. Logic games are supposed to help. It worked at first, especially with the offline infinity mode. But now, since that mode has been removed (or so it seems, since I can't have access to it anymore), I can't relax anymore. The ads make the experience really frustrating. I am uninstalling.",2
nothing but ads,1
"Pretty fun, I just wish there was an endless mode reminiscent of the original Tetris.",3
Amazing but to make endless whode not hurt to make,4
the theme song is amazing,5
just give me a non ad filled game of tetris!!,1
Excessive ads. I would rather pay $5 for a one time purchase for a phone game than this new incessant ads and in app purchases from big games,2
invasive ads. I literally have to hit the arrow and go to google apps because the ad will sit there otherwise. I won't be playing this long. very disappointed,2
"update: lost all of my multi year old account data because these developers are so talented! :) BRING BACK ON SCREEN CONTROLS!!! Absolutely mind-boggling the devs could be this out of touch and brain dead with such a classic game... no one wants the trash rewards, the swipe controls are a mess, and removing the ""battle pass"" albeit it was just more money iap bait, sucked a lot of the fun of collecting new cosmetic items... I give up with this app, im just going to use the desktop website...",1
The adds are repetitive and way too often. I wil be uninstalling this game. also it came with a virus that tried to say I had a virus. (but I didnt) to gain access to my phone.,1
"It is certainly fun to play, the ads however should be less. Those are rather annoying.",3
"it's perfect but the ads make me gi e it 1 star. seriously, knock it off with the ads guys. no one likes it. I mean ever.",1
there is some game left in my adds!!! and app doesn't even work online...,1
challenging in the higher levels that makes it more exciting that I can't stop...🙂 in a good way!,4
It has ads. And I've been playing the OG game for years now. It's nothing like it. PLEASE DON'T DOWNLOAD IT FOR NOSTALGIA. The ads are very annoying too. TETRIS SHOULDN'T HAVE ADS!,1
"This app doesn't save you settings, have any purpose for its rewards, and horribly obnoxious ads. I would highly recommend something else for a mindless game",1
meh. not getting the tetris vibe. needs remote or buttons. ad before I even got to play,2
take to much time to load the game that is why i uninstalled the game within 10 minutes' after the installation,1
"ads everywhere; 1 minute of playing, 5 min of ads",1
Won't load to play. Very surprising,1
"I've spent more time watching ads than playing the dang game, terrible",2
takes forever to load. gave up after waiting. junk.,1
tetris is pretty nice.(^-^)/,5
"Ads make this really annoying to play, and even worse, if you want to pay to get rid of ads you can only pay to remove them for 30 days, there is no option to get rid of them permanently.",1
"Too many ads, impossible to focus",1
Love the game but why doesn't the hold button work lately?,5
"Been playing this game for quite sometime now, definitely keeps me entertained when I have nothing better to do. Just HATE that when I complete a stage, it will not advance to the next stage until I have completed it SEVERAL times. (3 out of 10 stages, I have to redo 4 to 5 times before it advances to the next😳🤬)",3
no complaints. it's Tetris.,5
Looks and plays great - PLAGUED WITH UNREMOVABLE ADS!!! I played a total of 13 seconds before being confronted with an advert. Upon checking the menus for a purchase/add removal option none was to be found. Game uninstalled.,2
SO MANY ADS,1
ads after every level,4
I came here after the song HOLD ON TIGHT FROM AESPA and it's was such a good game,5
"""tetris"" takes too long to load. there is no endless. to many pop ups for ""tetris"". id rather play on the browser",1
"ads after every level, are you nuts?! 2 stars because other than the ads, it's a good Tetris game but no thanks. far far far too many ads to waste my time with!!",2
tetrific!,5
never gets old,4
wayyyy too many ads. every level. it feels like i often watch ads more than I get to play. id even be willing to pay a little but I dont even see the option.,3
Can't get past ads without closing app,1
good but still prefer the old version,4
"As soon as you start playing, you get redirected to web browser with ""your PC is infected with viruses"" Close that down. Return to game. Get an ad you cannot close down without going to Play store. Close that down. Return to game. Finally get out of ad. Play one level. Repeat above process.",1
"Too many adverts that you have to tap multiple times to get rid of. But more worryingly, it causes a pop up with a fake warning saying my device is infected with viruses and banking data is at risk (fortunately, I have good anti-virus software on my phone). Uninstalled.",1
way too many ads,1
How does a studio ruin Tetris? by forcing you to watch ads constantly.,1
to many ads. after every level ad. not worth playing,1
so sexy,5
lots of ads,3
They've over complicated Tetris. Just give me a normal game of Tetris.,2
"I love the game and the different modes that I can play in, but the game can take a while to load. Recently, it seems more lagging than before.",4
Forced ads. No thank you buh bye,1
play 1 game and the games ads prevent you from reentering the game. it seems like the game maybe gaming the ad revenue system. it requires like 10 clicks but mainly never reenters the game. you have to reboot the game. it doesn't matter to me mind you. they all use the same ad system. example Microsoft solitaire has same ads but that game allows you to reenter the game after the ad.,1
Sad excuse for a Tetris game. So many ads and unnecessary mobile game bs.,1
I didn't really get to play. It was mostly ads. Wouldn't recommend. Developers: Instead of being greedy you should run an ad every time the game is opened. I'm more likely to watch an ad if I'm not pissed that it's interrupting gameplay.,1
"I haven't played Tetris in a long time, and I really like marathon mode because it really gets the old Tetris games",5
Ads make this basically unplayable. Clicking the x to close them sends them to play pages and websites.,2
needs wifi???,1
Got push notifications that closed the game and sent me to a scam website telling me I had viruses in my phone. Unbelievable.,1
Tetris is the single-handed worst optimised game I've ever come across. The whole thing is unbearably laggy with bar 2-second input lag on an S22+. The game has advertisements that sometimes crash or force you to open the google play store. When I raised concerns earlier the Google Play devs responded with a guide on how to play the game. I know how to play.,1
"Very frequent ADS + SCAREWARE featured in this app Every time you start a marathon(original) game, there is an ad that is at least a minute long + there are ads between levels in the other game mode. Occasionally when playing the marathon game mode, you will suddenly be redirected to a dodgy website without warning. This website is SCAREWARE and pressures you to click on a link after telling you that viruses have been detected on your device and you have 4mins to act. Game is ok besides this",1
It's $2.99 a month to remove ads is bogus,1
I did like the app. Recently the ads have been very scammy. It will randomly open to a weppage in the middle of the game telling me my phone has a virus. This is the type of ad you would expect on a very very shady website or app so I am very confused as to why this is happening here. Do better.,1
Love this game!!! It really helps with my TBI. I just watched a video on research done for playing Tetris within 6 hours of a traumatic event helps your brain disrupt the process of PTSD later. Worth researching for yourself. 💜,5
good,1
Adds after a breaking blocks? Hell no,1
"It used to be a fun game. It was actually Tetris, now it's forced level by level and compulsory ads. Don't do it",1
"forgot i installed the uninstalled it before. now wouldn't even start when offline. previous : At 47% , 1 minute of into the download... why it isn't done yet ? Oh. 141 MB, for a tetris game. Waaaaaaayyyyyyy too bloated. Then i read the reviews",1
Unskipabble ads unless you visit playstore,1
not being able to play without signal/internet is a wild design consideration for a single player game,2
annoying but addictive😭,5
feels like the game purposely doesn't give you the pieces you need.,1
it's tetris. it delivers tetris.,5
always loved TETRIS!!!,5
The worst ads I've ever experienced in my life. No offline mode.,2
forces you to play a tutorial ibstead of just letting you play the game. Ads are incredibly annoying anf prevalent.,1
"too many ads, not very fun",2
there is 0 reason this game shouldn't be playable offline,1
"App is ok, uninstalled as mid game I get a scam ""your system is infected with viruses"" pop up open in chrome mid game.",2
way too many ads. way too easy of a game.,1
"Doesn't even load, 10 minutes of the loading screen and I had to uninstall.",1
ad are annoying and in great number.,3
poor interface but more importantly spam ads about device having virus in this app! do not download!,1
Hey! I just wanted to say that you left a game inside your ads. Cheers!,1
"5 minutes of play, 4 full length advertisements.",3
I could not get it to load. It took so long my phone locked itself.,1
good,5
Not the fun Tetris I remember. Lame. bypass this game.,1
have to restart app after every level completed,1
terrible app. full of adds. as if tetris needs more money.,1
"Fun to play as a time killer, ads aren't too bad either.",4
"Too many ads. Start playing, ads. Winning, ads. Losing, ads. I understand that the VIP rewards can be quite good and expensive AF, but not every region has access to that list, and it's literally useless because most of the VIP rewards are casino tickets. And you know what? Some ad skip buttons are overlaid with the ad click program, which forced me to get out from the app. Could be better if you guys had some ad show cooldowns and got rid of those specifically annoying ads.",1
Wish there weren't so many ads popping up after each level is completed,4
pathetic to say the least takes forever to load.,1
no good. 3 adds. 3 loadings screens. just to play the simplest half century old game. skip. no good.,1
love this updated version and it still has the same song PERFECTION!!!!,5
very bad experience could not start the app even after waiting long.,1
"terrible app, so many ads before you can play a Tetris game, and even then sometimes it pauses your run to show an unskippable ad, it should be illegal to treat a Tetris game this way, and you can't play when offline.",1
keeps getting stuck on commercials. you gave exit completely and come back in...loosing your place. not happy,1
"Cleared ten lines and was awarded with a 30 second advertisement, no thanks im out.",1
Tetris is fun,5
"Nothing but ads. First you have to watch irritating ads to play. Then when you are finally playing more ads will suddenly pop up to distract you further and interfere with your progress. If you enjoy accidentally clicking on ads while trying to handle the controls, this is the game for you. Otherwise this app is a garbage cash grab.",1
garbage game! ruined the franchise with greed.,1
more ads than Tetris itself,1
"U _GOOD TETRIS BUT BUGGED AS HECK _ THE ADD FOOTERS SABOTAGE GAMEPLAY AND KICK IN AT AROUND 70,000 POINTS _ FAQ ...............",5
I just wanted to play Tetris.,1
Даже не запускаеца и весит много - мусорка,1
look like game boy,5
"Dropping to a 2 from a 5...this app was awesome in 2021! Variety, challenges, icons, a sort of sense of community... Now it's all different and seems like nobody plays anymore. Tetris is still tetris but what made the app fun is gone",2
Game is unplayable because of the adds,1
"too many ads, and spam",2
"it's tetris alright, which always fun to play. not many variations though. but the worst thing is the ads after every level. even that is tolerable except you can't get out of them for multiple minutes. a level lasts under a minute but the ads last a loving time. I just got tired of it. uninstalled.",1
Too buggy & bloated with ads. The micro-transactions make it even worse. Not worth downloading. You're better off with a Gameboy,1
"I just want to play regular Tetris. Nothing more, nothing less just regular Tetris. They have Columns and it's just regular Columns",1
too many ads. please stop them. or i will have to delete.,1
"never loads. this is a simple game, it should never need the network",1
ads ads ads 5 mins and a ad for another game. cant I buy a game and not drown in ads,1
"wow this sucked, it's worse then playing tic tac toe by yourself",1
infinity loading,1
the game sucks it's so plain and you can't even choose a username you want they force you to use a name they suggest claiming whatever name you choose is already taken no matter what it is. also so many ads I'll just stick to playing the game on console where it's actually fun and not all about ads and money and control. they also force you to do a tutorial which is automatic delete game for me. I'll decide if I want to do something so it's a no for me,1
"i mean its tetris, works good, but half the time it absolutely refuses to work in offline mode man, that really sucks",3
if I recall the game boy this is NOT Tetris I mean it's kinda fun?? I guess but just why must it be like this there's always pre placed blocks I want a real mobile Tetris,1
"Basically Adware with a Tetris minigame. Hope you didn't want an endless mode cause it doesn't have one. It's frankly disgusting the amount of constant ads and the Ad Free mode is only 30 days. disgraceful. Hopefully this dev team loses the Tetris rights and we get a simple, fun Tetris game.",1
constant looong ads. They want $7 a month to remove ads. $84 a year for Tetris!,1
Game is beautiful but it lags one thing like login with Google instead of Facebook. pls add that thing google login,4
terrible bloated and slow to load. don't do it,1
"the ads are so intrusive, they make you play stupid games between levels to get back to the Tetris game: VERY ANNOYING",1
"the only problem i have is that offline mode doesn't work for me, it just shows as connection error, even if i disabled my wifi or mobile data. and I always get stuck in the loading screen, it's really frustrating.",4
too many ads,1
"only did one level and then got an ad already. if you want more users, place your ads like every 5-6 levels.",1
too many ads,1
ads promote viruses with threatening pop ups,1
Old version was way better.,1
it would be amazing if it had less ads,2
"Great game...Ads excessive. After playing for some time I've had it..more time is spent loading, connecting, and ads than playing. Time to go back to one of the tetris clones and wait for a better licensed tetris game. I miss the licensed tetris that was available several years ago",1
When it hits an ad you cannot return to the game without closing and reopening the app. Tiresome.,2
got a redirect to a scam website while playing this game,1
"just an unessecary over complication of one of the best puzzle games ever made. needless garbage challenge mode, incessant ads. mobile gaming ruins everything. couldn't just have tetris could we?",1
"it's just tetris, why all the bloat",1
"Its tetris, however corprate greed ridden Tetris, ads every 3 minutes or so.",2
bring back old school Tetris this is freaking horrible!!!,1
The game is simple. it reminds me of the original one. can't wait to play more!💪🏽💯‼️,5
Dissatisfied. I miss would I could flat out buy a a game. Hate that you can't anymore very sad for a classic game.,1
"you only really get a few moves before you complete the levels and end up in the inevitable cycle of adverts so the enjoyment is hugely disrupted every minute or so. I have also had a few alerts for bug being detected, which might be a scam in of itself so not clicking anything but honestly, I wouldn't be surprised with the amount of adverts which are a nightmare to skip past. wouldn't recommend.",2
I always love this game,5
i hate dis game,1
so many pop up spam,2
"virtually unplayable with the numerous ads. i just want to play plain old tetris, endless tetris without leveling up, without obnoxious ads taking over my phone. just normal freaking tetris. is that too much to ask?!",1
I'm spending mor time in ads than I'm game. Also this app doesn't work offline,2
"Installed this app, tried to open it to start playing, kept loading and loading. Tried clearing app cache to start playing, didn't work, tried force-stopping this app to start playing, didn't work. Uninstalled this app, THREE TIMES, didn't work. This developer needs to give this game back to EA, where, when I played for years, never once had an issue. Don't waste your time with this app. Besides, it's nothing like the Tetris from years ago. 👎👎👎👎👎👎👎👎👎👎👎👎👎👎👎",1
ads ads ads,1
doesnt work.,1
Cleared level 1 and ads began,2
"Ads are ridiculously intrusive. On top of that you can pay to remove ads, but only for a 30 day period. What a joke. Also would benefit from button based control scheme.",1
Awful,1
"overall, not bad. very frustrating to complete a row just to see it not counted in the total that needs to be completed in a certain amount of moves. didn't happen in the beginning but by the time you get to the mid-200 to 300 level, it happens all the damn time.",4
Downloaded it but the ads opened up a fake virus. Uninstalling now.,1
to many ads ugh,2
Love it!,5
wheres the paid option to rid of ads?,4
WAAAYYYY too many ads this is ridiculous,1
no offline,1
so bad with the adds it's not even playable. barely lasted two days on my phone.,1
"Couldn't complete any game as it either clashes or couldn't connect to the server half way playing the game. It seems like the recent update doesn't work well... pls fix it!!!! starting 1st Sept 2025, I can't play Royale... can't click anything in Royale screen!!!",2
Too many ads. Ridiculous. This is basically a scam,1
An absurd amount of ads makes this game absolutely terrible. Spend more time waiting on ads than getting through a level. Unplayable.,1
Advertisement Farming hellscape. All the fun of tetris with janky controls and adverts out the wazoo,1
"In the middle of a game and it redirected me to a fake virus page as part of an ""ad"". This game is filled with ads and completely sucks, just play tetris on an emulator.",1
Fix your banner ads. They are literally breaking the game,1
"The game makes it frustratingly impossible to position the blocks correctly. When you want the block coming down to be facing north. the game actually only gives you the other three options. Maddening! Not fun anymore. Games should be enjoyable, not infuriating.",1
too many ads,3
"Garbage, don't waste your time. You'll spend more time having to ""play"" the ads for other trash games.that you can't get out of.",1
Great Game. Terrible App. Non working offline. Way too many ads. 30% actual game time in the app.,1
too many ads,1
"way too many ads. game is fun, but getting back to it is frustrating.",3
"The only game on my phone, I've loved it since I was playing it on a classic Gameboy. Totally worth playing. The Marathon is what you're looking for, trust me. Only downside is they have appallingly intrusive ad's that access your camera, Snapchat, chrome, etc completely against your will. I can't believe such an iconic game would allow such evil spyware. I'd rather pay for the app to support the developers directly than put up with ad's update: the ad's have gotten even worse. dont download.",2
they need better rewards,1
the ads are too much im done i played 2 games and had to close it out both times bc the ads don't care how nostalgic it is...ads ruin everything thanks for that,1
"I really like it, so nice. good game..",5
too many adds and other game pop ups,3
I love the game but there's too many ads 🥀,1
ads man,1
ads for video games you are FORCED to interact with and then forced to click on the app store link to get past. This is BEYOND poor business practice. EA has zero regard for their customers. Disgusting.,1
cool,4
"The game stopped working. It just loads forever and never actually opens. Love this for me right after I paid for ad-free. (And yes, an uninstall/reinstall is the first thing I tried.) 🥴",1
Está muy bueno.,5
TOO MANY ADDS,1
great to pass time,5
"your basically billionaires, pay for ads to removed forever not for 30 days absolutely criminal. robbing rats.",1
"Boring, short levels interrupted by ads that freeze & force you to Google play.",2
the ads are excessive,1
I hate the ads.,2
most predatory ad strategy ive encountered in a mobile game. cant play for more than 45 seconds without an awful 3 part ad.,1
ADs after EVERY LEVEL????,1
As of writing there is no paid version of this app. It's only playable with the most intrusive data hungry ads you will ever see. load times are absurd for a game that could probably play on a keychain. I play triple a titles with 4k graphics that load faster. They created the gaming equivalent of asbestos.,1
too many interruption,1
"REVIEW EDIT V IMPORTANT: THE APP IS NOW OPENING MULTIPLE MALICIOUS WEBSITES IN THE MIDDLE OF GAMEPLAY, NOT JUST WITH ADS. NEVER SEEN ANYTHING LIKE IT, THIS APP IS SERIOUSLY COMPROMISED AND I WILL BE UNINSTALLING AS THEY CLEARLY HAVE SERIOUS ISSUES THAT THEY AREN'T PROPERLY ADDRESSING. I CAN ONLY IMAGINE ITS BEEN HACKED AT SOME LEVEL AND I WOULD CAUTION ANYONE AGAINST DOWNLOADING IT",1
lately the ads have been kicking me out of the game and then it starts over again this never happened before and it is now annoying.,4
ui is unbearable can I just play some goddammit tetris?,1
"Downloaded the app, played a few rounds in between the adverts that you had to click 3 times to eventually dismiss, saw a scam warning page pop up on my browser and deleted the app. All in 15 minutes. Avoid.",1
crazy amount of ads. trash game asf. cant even play or compete smoothly without any ads poping up. should do pay to remove ad,1
"The app is good, now that I have a full account, it's so much fun!",5
trash,1
"Not the classic tetris experience at all, just a series of ads with brief tetris-ish puzzles",1
Terrible gaming experience. Ads all the time. Uninstalling now.,1
"dont worry guys, its the same old Tetris you know and love- PSYCH did you want to play tetris in the style of candy crush with the constant ads and everything? this is the app for you then. don't want the ads? you can pay two dollars to get rid of them! for 30 days only! actually kinda hate this would love an ad free endless tetris which, unfortunately, doesn't exist",1
Great until their forced ads restart the game. Delete!,3
Terrible experience. Used to be good before the relentless ads and when you could play offline,1
downloaded other apps to my phone.,1
love it 😀,5
"lots of ads, but good game play",3
The one and only original. Love it.,5
"downloaded it to play offline on transit used to have an ""offline mode"" but not anymore",1
Ads every after completing a level ruins the game,1
Too many ads :(,1
classic Tetris vibes.,5
Like a Tutor: Makes U Smart,5
y it's not offline 😡😡😡😡😡😡😡,5
I have been using the free version for a while however the ads now you cant skip them until you play the game each time it come on. its annoying may have to level up to get out of that,2
"The most similar to the original was the offline mode, but now it's not working at all. Before, it was not working properly since the restart option had to be selected multiple times, and one of the offline buttons didn't work.",1
"Awesome game, it's just tooooo many ads! Seriously a buzz kill",5
Favorite and best game that will go down in history forever!,5
I always enjoy playing Tetris!;),5
(As of 8/25/25) Lately the app has been getting stuck after ad glitches (where an add won't fully play and the screen will go back to the game but will be stuck--you can hear the music but the screen will be stuck where it was before the ad). Please advise.,5
loved tetris for many years!!!,5
"way too many ads, after each level unskippable ad for 30 secs.",1
"The ads are destroying this for me, I want to pay for the game to remove them but doesn't seem to be possible... why though?! the game itself is perfect, just make it possible to play without ads, I'll gladly pay!",1
"AVOID THIS APP!!! I downloaded this game to play some old-school classic tetris. I can only assume I tapped a button for an add which brought up a website stating my android device was infected with a virus and ""click here"" to do something about it before it becomes permanent. This was on the first level whilst playing the demo.",1
You have no option to own the game ad free. Paying a monthly fee of €3.19 to play ad free is an outrage. Uninstalled instantly.,1
"It's not the old game, it's challenge based, but it's the adverts that just don't make this worth it.",2
"Far, far, far away from anything related to the original. Plus all the annoying, really annoying ads that last and last and last, in-between every single ""level"", so that you need to quit the game and reload the whole thing. It is incomprehensible to me how anyone can mess up this simple, basic, clean concept, and replace it with this brain damage. Not worth the time spent.",1
love this game,5
"Too many ads, makes the game nearly unplayable.",1
too many ads. don't install,1
i played 1 level then the ads started lousy,2
Unskippable 2 minute ADS after EVERY SINGLE ROUND ... unplayable,1
"the ads is soooo annoying, better played another similar game with no ada",2
"Unplayable, I really wanted to play original Tetris but the amount of unskippable ads is ridiculous. Ads at every level makes this game unplayable.",2
"as usual, commercials sometimes take the fun away. furthermore I Uninstalled a month ago and when I tried to play it was off center and unusable",1
Too much ads! you'd get ads mid game and just popups to the ad,1
"tomany adds,now I tried to sync tablet to phone, now won't let me play because user name taken ,it's my user name,so if I change user name lose all my achievements ??? both phone and tablet blocking play.",1
wayyyyy too many ads. Then you can't back out of them or even just watch them and llay on. It just stays on the ad!!!! Click and Delete for me.,1
Why do I need Wifi to play?? Its Tetris for crying out loud,1
3 hours of loading sooooo bad,1
too many ads. and can't play it offline which is the whole point for me,1
Great game but too many commercials,3
good fun,5
Ads make this game a total pain to play. I would rather pay $5 for the Gameboy version and actually have fun.,1
Too many ads,1
"terrible, should be illegal",1
Good Game Forever,5
tetris having longer loading screens then gta5 is wild,1
